{
  "concept": 16,
  "num_hits_considered": 50,
  "top_prompts": [
    [
      "10:put_both_the_alphabet_soup_and_the_cream_cheese_box_in_the_basket",
      12
    ],
    [
      "spatial:pick_up_the_black_bowl_on_the_stove_and_place_it_on_the_plate",
      11
    ],
    [
      "goal:turn_on_the_stove",
      9
    ],
    [
      "object:pick_up_the_milk_and_place_it_in_the_basket",
      9
    ],
    [
      "spatial:pick_up_the_black_bowl_on_the_wooden_cabinet_and_place_it_on_the_plate",
      2
    ],
    [
      "10:put_the_yellow_and_white_mug_in_the_microwave_and_close_it",
      1
    ],
    [
      "goal:put_the_wine_bottle_on_the_rack",
      1
    ],
    [
      "object:pick_up_the_orange_juice_and_place_it_in_the_basket",
      1
    ],
    [
      "10:turn_on_the_stove_and_put_the_moka_pot_on_it",
      1
    ],
    [
      "spatial:pick_up_the_black_bowl_from_table_center_and_place_it_on_the_plate",
      1
    ]
  ],
  "action_semantics": {
    "a_t": [
      "dx",
      "dy",
      "dz",
      "droll",
      "dpitch",
      "dyaw",
      "gripper"
    ]
  },
  "action_mean": [
    -0.194173663854599,
    -0.03504065051674843,
    -0.3853873908519745,
    0.0014023665571585298,
    0.03402641415596008,
    -0.020561041310429573,
    -0.48077884316444397
  ],
  "action_mean_named": {
    "dx": -0.194173663854599,
    "dy": -0.03504065051674843,
    "dz": -0.3853873908519745,
    "droll": 0.0014023665571585298,
    "dpitch": 0.03402641415596008,
    "dyaw": -0.020561041310429573,
    "gripper": -0.48077884316444397
  },
  "action_median": [
    -0.18299204111099243,
    -0.010928289964795113,
    -0.40323543548583984,
    -5.730847260565497e-05,
    0.017970474436879158,
    -0.009301457554101944,
    -0.9988451600074768
  ],
  "action_median_named": {
    "dx": -0.18299204111099243,
    "dy": -0.010928289964795113,
    "dz": -0.40323543548583984,
    "droll": -5.730847260565497e-05,
    "dpitch": 0.017970474436879158,
    "dyaw": -0.009301457554101944,
    "gripper": -0.9988451600074768
  },
  "top_action_clusters": [],
  "action_cluster_params": {
    "action_quant": 0.01,
    "top_action_clusters_k": 12,
    "min_count": 2,
    "rank_by": "score_sum"
  },
  "action_dimension_association": [
    {
      "dim": 2,
      "name": "dz",
      "corr": 0.2468592259491676,
      "abs_corr": 0.2468592259491676,
      "mean": -0.3853874206542969,
      "std": 0.24516266584396362
    },
    {
      "dim": 6,
      "name": "gripper",
      "corr": 0.16606476595557867,
      "abs_corr": 0.16606476595557867,
      "mean": -0.4807787835597992,
      "std": 0.8765681982040405
    },
    {
      "dim": 4,
      "name": "dpitch",
      "corr": 0.09417287445427555,
      "abs_corr": 0.09417287445427555,
      "mean": 0.03402641788125038,
      "std": 0.06255372613668442
    },
    {
      "dim": 3,
      "name": "droll",
      "corr": -0.04388551430251407,
      "abs_corr": 0.04388551430251407,
      "mean": 0.0014023665571585298,
      "std": 0.031059948727488518
    },
    {
      "dim": 5,
      "name": "dyaw",
      "corr": -0.039696039517708545,
      "abs_corr": 0.039696039517708545,
      "mean": -0.02056104503571987,
      "std": 0.07152064144611359
    },
    {
      "dim": 1,
      "name": "dy",
      "corr": -0.005742020523611635,
      "abs_corr": 0.005742020523611635,
      "mean": -0.03504065051674843,
      "std": 0.16522429883480072
    },
    {
      "dim": 0,
      "name": "dx",
      "corr": 0.005436196601359337,
      "abs_corr": 0.005436196601359337,
      "mean": -0.1941736936569214,
      "std": 0.21928037703037262
    }
  ],
  "action_assoc_method": "abs_corr",
  "top_examples": [
    {
      "score": 286.5540771484375,
      "group": "10",
      "episode_id": "put_both_the_alphabet_soup_and_the_cream_cheese_box_in_the_basket",
      "t": 47,
      "prompt": "10:put_both_the_alphabet_soup_and_the_cream_cheese_box_in_the_basket",
      "action": [
        -0.07556179165840149,
        -0.22465099394321442,
        -0.41312503814697266,
        -0.0006064889603294432,
        -0.002246570773422718,
        -0.09336105734109879,
        -1.0009706020355225
      ],
      "action_named": {
        "dx": -0.07556179165840149,
        "dy": -0.22465099394321442,
        "dz": -0.41312503814697266,
        "droll": -0.0006064889603294432,
        "dpitch": -0.002246570773422718,
        "dyaw": -0.09336105734109879,
        "gripper": -1.0009706020355225
      },
      "video_path": "/n/netscratch/sham_lab/Lab/chloe00/data/libero/libero_10/videos/rollout_put_both_the_alphabet_soup_and_the_cream_cheese_box_in_the_basket_trial4_success.mp4"
    },
    {
      "score": 286.5540771484375,
      "group": "goal",
      "episode_id": "turn_on_the_stove",
      "t": 47,
      "prompt": "goal:turn_on_the_stove",
      "action": [
        -0.05323219299316406,
        0.10109314322471619,
        -0.09337470680475235,
        -0.012420560233294964,
        0.11178833246231079,
        0.0018155889119952917,
        1.0016692876815796
      ],
      "action_named": {
        "dx": -0.05323219299316406,
        "dy": 0.10109314322471619,
        "dz": -0.09337470680475235,
        "droll": -0.012420560233294964,
        "dpitch": 0.11178833246231079,
        "dyaw": 0.0018155889119952917,
        "gripper": 1.0016692876815796
      },
      "video_path": "/n/netscratch/sham_lab/Lab/chloe00/data/libero/libero_goal/videos/rollout_turn_on_the_stove_trial4_success.mp4"
    },
    {
      "score": 286.5540771484375,
      "group": "object",
      "episode_id": "pick_up_the_milk_and_place_it_in_the_basket",
      "t": 47,
      "prompt": "object:pick_up_the_milk_and_place_it_in_the_basket",
      "action": [
        -0.30283764004707336,
        -0.019061287865042686,
        -0.3594996929168701,
        -0.012044095434248447,
        0.04188954457640648,
        0.01456651370972395,
        -0.9994050860404968
      ],
      "action_named": {
        "dx": -0.30283764004707336,
        "dy": -0.019061287865042686,
        "dz": -0.3594996929168701,
        "droll": -0.012044095434248447,
        "dpitch": 0.04188954457640648,
        "dyaw": 0.01456651370972395,
        "gripper": -0.9994050860404968
      },
      "video_path": "/n/netscratch/sham_lab/Lab/chloe00/data/libero/libero_object/videos/rollout_pick_up_the_milk_and_place_it_in_the_basket_trial4_success.mp4"
    },
    {
      "score": 286.5540771484375,
      "group": "spatial",
      "episode_id": "pick_up_the_black_bowl_on_the_stove_and_place_it_on_the_plate",
      "t": 47,
      "prompt": "spatial:pick_up_the_black_bowl_on_the_stove_and_place_it_on_the_plate",
      "action": [
        0.04818570986390114,
        -0.1492682844400406,
        0.1783527284860611,
        0.00020423521345946938,
        -0.012101532891392708,
        -0.06890654563903809,
        0.9988826513290405
      ],
      "action_named": {
        "dx": 0.04818570986390114,
        "dy": -0.1492682844400406,
        "dz": 0.1783527284860611,
        "droll": 0.00020423521345946938,
        "dpitch": -0.012101532891392708,
        "dyaw": -0.06890654563903809,
        "gripper": 0.9988826513290405
      },
      "video_path": "/n/netscratch/sham_lab/Lab/chloe00/data/libero/libero_spatial/videos/rollout_pick_up_the_black_bowl_on_the_stove_and_place_it_on_the_plate_trial4_success.mp4"
    },
    {
      "score": 279.7640380859375,
      "group": "10",
      "episode_id": "put_both_the_alphabet_soup_and_the_cream_cheese_box_in_the_basket",
      "t": 34,
      "prompt": "10:put_both_the_alphabet_soup_and_the_cream_cheese_box_in_the_basket",
      "action": [
        -0.16981282830238342,
        0.0008391204755753279,
        -0.4204448461532593,
        0.0016871918924152851,
        0.0004849736869800836,
        -0.052279431372880936,
        -0.9990285634994507
      ],
      "action_named": {
        "dx": -0.16981282830238342,
        "dy": 0.0008391204755753279,
        "dz": -0.4204448461532593,