{
  "config": {
    "ckpt_path": "./checkpoints/sae_layer11_k10_c16000.pt",
    "data_root": "/n/holylfs06/LABS/sham_lab/Users/chloe00/vla-interp/data/libero",
    "activations_root": "/n/netscratch/sham_lab/Lab/chloe00/pi0_activations",
    "layer_idx": 11,
    "feature_mode": "sae",
    "ridge_lambda": 10.0,
    "standardize_x": true,
    "standardize_y": false,
    "seed": 0,
    "train_frac": 0.8,
    "val_frac": 0.1
  },
  "splits": {
    "train": {
      "name": "train",
      "n": 35660,
      "mse": 0.12274877727031708,
      "mse_per_dim": {
        "dx": 0.1316177397966385,
        "dy": 0.09763646870851517,
        "dz": 0.13957326114177704,
        "droll": 0.001358796376734972,
        "dpitch": 0.003464395646005869,
        "dyaw": 0.008804509416222572,
        "gripper": 0.4767862856388092
      },
      "r2_mean": 0.05805755513054984,
      "r2_per_dim": {
        "dx": 0.09042024612426758,
        "dy": 0.028543412685394287,
        "dz": 0.09807544946670532,
        "droll": 0.018336951732635498,
        "dpitch": 0.027267873287200928,
        "dyaw": 0.02678149938583374,
        "gripper": 0.11697745323181152
      }
    },
    "val": {
      "name": "val",
      "n": 4333,
      "mse": 0.10640464723110199,
      "mse_per_dim": {
        "dx": 0.13009876012802124,
        "dy": 0.11658905446529388,
        "dz": 0.12342799454927444,
        "droll": 0.00105296669062227,
        "dpitch": 0.0027619055472314358,
        "dyaw": 0.008542695082724094,
        "gripper": 0.3623591661453247
      },
      "r2_mean": 0.038506575993129184,
      "r2_per_dim": {
        "dx": 0.0806121826171875,
        "dy": 0.013481080532073975,
        "dz": 0.08933228254318237,
        "droll": 0.017308950424194336,
        "dpitch": 0.005226016044616699,
        "dyaw": 0.032813847064971924,
        "gripper": 0.03077167272567749
      }
    },
    "test": {
      "name": "test",
      "n": 4416,
      "mse": 0.142886221408844,
      "mse_per_dim": {
        "dx": 0.14696826040744781,
        "dy": 0.09427763521671295,
        "dz": 0.16653995215892792,
        "droll": 0.000999344396404922,
        "dpitch": 0.0024937388952821493,
        "dyaw": 0.005911866202950478,
        "gripper": 0.5830127000808716
      },
      "r2_mean": 0.03251102140971592,
      "r2_per_dim": {
        "dx": 0.09315931797027588,
        "dy": 0.012941718101501465,
        "dz": 0.059910356998443604,
        "droll": -0.0056798458099365234,
        "dpitch": 0.026821017265319824,
        "dyaw": -0.0046694278717041016,
        "gripper": 0.04509401321411133
      }
    }
  },
  "weights": {
    "W_shape": [
      16000,
      7
    ],
    "b_shape": [
      7
    ]
  }
}