{
  "config": {
    "ckpt_path": "./checkpoints/TopKSAE/sae_libero_object_layer11_k10_c100.pt",
    "data_root": "/n/holylfs06/LABS/sham_lab/Users/chloe00/vla-interp/data/libero",
    "activations_root": "/n/netscratch/sham_lab/Lab/chloe00/pi0_activations",
    "layer_idx": 11,
    "feature_mode": "sae",
    "ridge_lambda": 10.0,
    "standardize_x": true,
    "standardize_y": false,
    "seed": 0,
    "train_frac": 0.8,
    "val_frac": 0.1
  },
  "splits": {
    "train": {
      "name": "train",
      "n": 8219,
      "mse": 0.11962983012199402,
      "mse_per_dim": {
        "dx": 0.11381358653306961,
        "dy": 0.11227328330278397,
        "dz": 0.149607852101326,
        "droll": 0.0003392543294467032,
        "dpitch": 0.0014410727890208364,
        "dyaw": 0.0017064576968550682,
        "gripper": 0.458227276802063
      },
      "r2_mean": 0.05414035490580967,
      "r2_per_dim": {
        "dx": 0.036646366119384766,
        "dy": 0.05771279335021973,
        "dz": 0.07339262962341309,
        "droll": 0.02220475673675537,
        "dpitch": 0.043969690799713135,
        "dyaw": 0.05766594409942627,
        "gripper": 0.08739030361175537
      }
    },
    "val": {
      "name": "val",
      "n": 1088,
      "mse": 0.13323910534381866,
      "mse_per_dim": {
        "dx": 0.10131830722093582,
        "dy": 0.13726843893527985,
        "dz": 0.18199411034584045,
        "droll": 0.0002832612080965191,
        "dpitch": 0.0020725701469928026,
        "dyaw": 0.0021419471595436335,
        "gripper": 0.5075950622558594
      },
      "r2_mean": 0.060361887727464945,
      "r2_per_dim": {
        "dx": 0.03879356384277344,
        "dy": 0.07746201753616333,
        "dz": 0.07714962959289551,
        "droll": 0.005813777446746826,
        "dpitch": 0.027802109718322754,
        "dyaw": 0.04413127899169922,
        "gripper": 0.15138083696365356
      }
    },
    "test": {
      "name": "test",
      "n": 1099,
      "mse": 0.14434808492660522,
      "mse_per_dim": {
        "dx": 0.10035001486539841,
        "dy": 0.1406645029783249,
        "dz": 0.167779803276062,
        "droll": 0.00033036962850019336,
        "dpitch": 0.001608721911907196,
        "dyaw": 0.0028018117882311344,
        "gripper": 0.5969014167785645
      },
      "r2_mean": 0.013542200837816511,
      "r2_per_dim": {
        "dx": 0.025512993335723877,
        "dy": -0.014491796493530273,
        "dz": 0.02696317434310913,
        "droll": -0.030962347984313965,
        "dpitch": 0.011007070541381836,
        "dyaw": 0.07096844911575317,
        "gripper": 0.005797863006591797
      }
    }
  },
  "weights": {
    "W_shape": [
      100,
      7
    ],
    "b_shape": [
      7
    ]
  }
}