{
  "config": {
    "ckpt_path": "./checkpoints/sae_layer11_k10_c16000.pt",
    "data_root": "/n/holylfs06/LABS/sham_lab/Users/chloe00/vla-interp/data/libero",
    "activations_root": "/n/netscratch/sham_lab/Lab/chloe00/pi0_activations",
    "layer_idx": 11,
    "feature_mode": "raw",
    "ridge_lambda": 10.0,
    "standardize_x": true,
    "standardize_y": false,
    "seed": 0,
    "train_frac": 0.8,
    "val_frac": 0.1
  },
  "splits": {
    "train": {
      "name": "train",
      "n": 35660,
      "mse": 0.08650168031454086,
      "mse_per_dim": {
        "dx": 0.08844758570194244,
        "dy": 0.08519379794597626,
        "dz": 0.10561994463205338,
        "droll": 0.0012168700341135263,
        "dpitch": 0.0027889844495803118,
        "dyaw": 0.007287084124982357,
        "gripper": 0.3149575889110565
      },
      "r2_mean": 0.25822411264692036,
      "r2_per_dim": {
        "dx": 0.38875919580459595,
        "dy": 0.1523447036743164,
        "dz": 0.3174822926521301,
        "droll": 0.12087172269821167,
        "dpitch": 0.21690964698791504,
        "dyaw": 0.19451218843460083,
        "gripper": 0.41668903827667236
      }
    },
    "val": {
      "name": "val",
      "n": 4333,
      "mse": 0.09721224755048752,
      "mse_per_dim": {
        "dx": 0.0930638462305069,
        "dy": 0.11308121681213379,
        "dz": 0.1054626926779747,
        "droll": 0.0010073966113850474,
        "dpitch": 0.002644928637892008,
        "dyaw": 0.007810993120074272,
        "gripper": 0.3574146032333374
      },
      "r2_mean": 0.12488947595868792,
      "r2_per_dim": {
        "dx": 0.3423321843147278,
        "dy": 0.043162643909454346,
        "dz": 0.22188252210617065,
        "droll": 0.05983775854110718,
        "dpitch": 0.04735833406448364,
        "dyaw": 0.11565560102462769,
        "gripper": 0.04399728775024414
      }
    },
    "test": {
      "name": "test",
      "n": 4416,
      "mse": 0.118102066218853,
      "mse_per_dim": {
        "dx": 0.10970894247293472,
        "dy": 0.09834092855453491,
        "dz": 0.14663207530975342,
        "droll": 0.0010878101456910372,
        "dpitch": 0.0023568938486278057,
        "dyaw": 0.006552108097821474,
        "gripper": 0.46203574538230896
      },
      "r2_mean": 0.08300479820796422,
      "r2_per_dim": {
        "dx": 0.32306110858917236,
        "dy": -0.029599785804748535,
        "dz": 0.1722869873046875,
        "droll": -0.09470641613006592,
        "dpitch": 0.08022469282150269,
        "dyaw": -0.11347293853759766,
        "gripper": 0.24323993921279907
      }
    }
  },
  "weights": {
    "W_shape": [
      1024,
      7
    ],
    "b_shape": [
      7
    ]
  }
}