{
  "config": {
    "ckpt_path": "./checkpoints/sae_layer11_k10_c16000.pt",
    "data_root": "/n/holylfs06/LABS/sham_lab/Users/chloe00/vla-interp/data/libero",
    "activations_root": "/n/netscratch/sham_lab/Lab/chloe00/pi0_activations",
    "layer_idx": 11,
    "feature_mode": "raw",
    "ridge_lambda": 1.0,
    "standardize_x": false,
    "standardize_y": false,
    "seed": 0,
    "train_frac": 0.8,
    "val_frac": 0.1
  },
  "splits": {
    "train": {
      "name": "train",
      "n": 8136,
      "mse": 0.04898844286799431,
      "mse_per_dim": {
        "dx": 0.04884159192442894,
        "dy": 0.02867797203361988,
        "dz": 0.07565619051456451,
        "droll": 0.00037974011502228677,
        "dpitch": 0.0014696920989081264,
        "dyaw": 0.0006965686334297061,
        "gripper": 0.18719732761383057
      },
      "r2_mean": 0.6807278309549604,
      "r2_per_dim": {
        "dx": 0.7662047743797302,
        "dy": 0.7810720205307007,
        "dz": 0.6629539728164673,
        "droll": 0.5136163234710693,
        "dpitch": 0.5399062037467957,
        "dyaw": 0.7585599422454834,
        "gripper": 0.7427815794944763
      }
    },
    "val": {
      "name": "val",
      "n": 1068,
      "mse": 0.11743082106113434,
      "mse_per_dim": {
        "dx": 0.10020966827869415,
        "dy": 0.06710273027420044,
        "dz": 0.18668362498283386,
        "droll": 0.0007435677107423544,
        "dpitch": 0.0034158341586589813,
        "dyaw": 0.0011235453421249986,
        "gripper": 0.4627367854118347
      },
      "r2_mean": 0.2886218769209726,
      "r2_per_dim": {
        "dx": 0.5315792560577393,
        "dy": 0.46989214420318604,
        "dz": 0.16422027349472046,
        "droll": -0.0007534027099609375,
        "dpitch": 0.0013182759284973145,
        "dyaw": 0.4786854386329651,
        "gripper": 0.37541115283966064
      }
    },
    "test": {
      "name": "test",
      "n": 1109,
      "mse": 0.10940802842378616,
      "mse_per_dim": {
        "dx": 0.1133727878332138,
        "dy": 0.05657002702355385,
        "dz": 0.20378375053405762,
        "droll": 0.0010254604276269674,
        "dpitch": 0.0031392546370625496,
        "dyaw": 0.0017827656120061874,
        "gripper": 0.3861822485923767
      },
      "r2_mean": 0.22953771693365915,
      "r2_per_dim": {
        "dx": 0.434146523475647,
        "dy": 0.5334936380386353,
        "dz": 0.17278707027435303,
        "droll": -0.147821307182312,
        "dpitch": 0.10571938753128052,
        "dyaw": 0.029834866523742676,
        "gripper": 0.4786038398742676
      }
    }
  },
  "weights": {
    "W_shape": [
      1024,
      7
    ],
    "b_shape": [
      7
    ]
  },
  "probe_dimensionality": {
    "summary": {
      "W_space": "model_space",
      "stable_rank": 1.635916829109192,
      "effective_rank_entropy": 4.441585063934326
    },
    "per_action": {
      "dx": {
        "participation_ratio": 160.41505432128906,
        "topk_90pct_energy": 353,
        "topk_95pct_energy": 472,
        "l2_norm": 0.8866434693336487
      },
      "dy": {
        "participation_ratio": 89.64240264892578,
        "topk_90pct_energy": 349,
        "topk_95pct_energy": 469,
        "l2_norm": 0.7581039071083069
      },
      "dz": {
        "participation_ratio": 127.95686340332031,
        "topk_90pct_energy": 360,
        "topk_95pct_energy": 479,
        "l2_norm": 1.0942142009735107
      },
      "droll": {
        "participation_ratio": 76.27558898925781,
        "topk_90pct_energy": 343,
        "topk_95pct_energy": 470,
        "l2_norm": 0.07106732577085495
      },
      "dpitch": {
        "participation_ratio": 116.10032653808594,
        "topk_90pct_energy": 327,
        "topk_95pct_energy": 446,
        "l2_norm": 0.13408340513706207
      },
      "dyaw": {
        "participation_ratio": 120.03636932373047,
        "topk_90pct_energy": 349,
        "topk_95pct_energy": 470,
        "l2_norm": 0.1006072610616684
      },
      "gripper": {
        "participation_ratio": 177.504638671875,
        "topk_90pct_energy": 363,
        "topk_95pct_energy": 490,
        "l2_norm": 1.645514726638794
      }
    }
  }
}