{
  "config": {
    "ckpt_glob": "./checkpoints/BatchTopKSAE/sae_libero_object_layer11_k*_c*.pt",
    "data_root": "/n/holylfs06/LABS/sham_lab/Users/chloe00/vla-interp/data/libero",
    "activations_root": "/n/netscratch/sham_lab/Lab/chloe00/pi0_activations",
    "group": "object",
    "layer_idx": 11,
    "device": "cuda",
    "seed": 0,
    "train_frac": 0.8,
    "val_frac": 0.1,
    "replan_freq": 5,
    "encode_batch": 8192,
    "readout_lambda": 0.001,
    "standardize_z": false,
    "standardize_y": false,
    "mcc_mode": "sign",
    "out_json": "sweep_object_layer11.json",
    "out_csv": "sweep_object_layer11.csv"
  },
  "runs": [
    {
      "ckpt_path": "./checkpoints/BatchTopKSAE/sae_libero_object_layer11_k10_c30.pt",
      "nb_concepts": 30,
      "top_k": 10,
      "n_train": 1707,
      "n_val": 226,
      "n_test": 227,
      "train": {
        "reg": {
          "mse": 0.11478791385889053,
          "r2_per_dim": {
            "dx": 0.03800404071807861,
            "dy": 0.07866144180297852,
            "dz": 0.04809427261352539,
            "droll": 0.02967512607574463,
            "dpitch": 0.04217332601547241,
            "dyaw": 0.033210813999176025,
            "gripper": 0.10238319635391235
          },
          "r2_mean": 0.053171745368412564
        },
        "mcc": {
          "dx": 0.040475644171237946,
          "dy": 0.09637468308210373,
          "dz": 0.028356680646538734,
          "droll": 0.1476740539073944,
          "dpitch": 0.15141984820365906,
          "dyaw": -0.006075906567275524,
          "gripper": 0.0,
          "mean": 0.06546071477766548
        }
      },
      "val": {
        "reg": {
          "mse": 0.13725121319293976,
          "r2_per_dim": {
            "dx": 0.027759850025177002,
            "dy": 0.051760315895080566,
            "dz": -0.0013263225555419922,
            "droll": -0.02512824535369873,
            "dpitch": 0.019163787364959717,
            "dyaw": 0.03579235076904297,
            "gripper": 0.07218557596206665
          },
          "r2_mean": 0.02574390172958374
        },
        "mcc": {
          "dx": 0.0,
          "dy": 0.09439222514629364,
          "dz": -0.07757911086082458,
          "droll": 0.1370391547679901,
          "dpitch": 0.14932426810264587,
          "dyaw": 0.04869285970926285,
          "gripper": 0.0,
          "mean": 0.050267056695052555
        }
      },
      "test": {
        "reg": {
          "mse": 0.14122624695301056,
          "r2_per_dim": {
            "dx": 0.03336894512176514,
            "dy": 0.02924203872680664,
            "dz": -0.02863943576812744,
            "droll": -0.04180586338043213,
            "dpitch": -0.012657523155212402,
            "dyaw": 0.04689604043960571,
            "gripper": 0.015325725078582764
          },
          "r2_mean": 0.005961418151855469
        },
        "mcc": {
          "dx": 0.0,
          "dy": 0.11853808909654617,
          "dz": 0.05261306092143059,
          "droll": 0.07298652827739716,
          "dpitch": 0.02322332002222538,
          "dyaw": -0.09301583468914032,
          "gripper": -0.031230665743350983,
          "mean": 0.02044492826930114
        }
      }
    },
    {
      "ckpt_path": "./checkpoints/BatchTopKSAE/sae_libero_object_layer11_k10_c40.pt",
      "nb_concepts": 40,
      "top_k": 10,
      "n_train": 1707,
      "n_val": 226,
      "n_test": 227,
      "train": {
        "reg": {
          "mse": 0.11024773865938187,
          "r2_per_dim": {
            "dx": 0.09989523887634277,
            "dy": 0.12100934982299805,
            "dz": 0.11471110582351685,
            "droll": 0.05839896202087402,
            "dpitch": 0.07632815837860107,
            "dyaw": 0.0827597975730896,
            "gripper": 0.12147200107574463
          },
          "r2_mean": 0.09636780193873815
        },
        "mcc": {
          "dx": 0.10287375003099442,
          "dy": 0.069909006357193,
          "dz": 0.17426706850528717,
          "droll": 0.16336995363235474,
          "dpitch": 0.2170473039150238,
          "dyaw": -0.040734510868787766,
          "gripper": 0.12319310754537582,
          "mean": 0.11570366844534874
        }
      },
      "val": {
        "reg": {
          "mse": 0.1287473887205124,
          "r2_per_dim": {
            "dx": 0.018606722354888916,
            "dy": 0.036467909812927246,
            "dz": 0.11588656902313232,
            "droll": 0.013917326927185059,
            "dpitch": -0.009732604026794434,
            "dyaw": 0.07767856121063232,
            "gripper": 0.14148199558258057
          },
          "r2_mean": 0.056329497269221714
        },
        "mcc": {
          "dx": 0.173653706908226,
          "dy": 0.11554742604494095,
          "dz": 0.19168487191200256,
          "droll": 0.16165736317634583,
          "dpitch": 0.11651801317930222,
          "dyaw": 0.025289244949817657,
          "gripper": -0.04315215349197388,
          "mean": 0.10588549609695162
        }
      },
      "test": {
        "reg": {
          "mse": 0.13915705680847168,
          "r2_per_dim": {
            "dx": 0.08153146505355835,
            "dy": -0.013211965560913086,
            "dz": 0.00325852632522583,
            "droll": -0.05403482913970947,
            "dpitch": -0.048082590103149414,
            "dyaw": 0.09013724327087402,
            "gripper": 0.03198724985122681
          },
          "r2_mean": 0.013083585671016149
        },
        "mcc": {
          "dx": 0.008617280051112175,
          "dy": -0.0677964985370636,
          "dz": 0.13045869767665863,
          "droll": -0.14697381854057312,
          "dpitch": 0.11587166786193848,
          "dyaw": 0.10769537091255188,
          "gripper": -0.031230665743350983,
          "mean": 0.01666314766875335
        }
      }
    }
  ],
  "best_by_r2": {
    "ckpt_path": "./checkpoints/BatchTopKSAE/sae_libero_object_layer11_k10_c40.pt",
    "nb_concepts": 40,
    "top_k": 10,
    "train_r2_mean": 0.09636780193873815,
    "val_r2_mean": 0.056329497269221714,
    "test_r2_mean": 0.013083585671016149,
    "train_mcc_mean": 0.11570366844534874,
    "val_mcc_mean": 0.10588549609695162,
    "test_mcc_mean": 0.01666314766875335
  }
}