ckpt_path,nb_concepts,top_k,train_r2_mean,val_r2_mean,test_r2_mean,train_mcc_mean,val_mcc_mean,test_mcc_mean
./checkpoints/BatchTopKSAE/sae_libero_object_layer11_k10_c30.pt,30,10,0.053171745368412564,0.02574390172958374,0.005961418151855469,0.06546071477766548,0.050267056695052555,0.02044492826930114
./checkpoints/BatchTopKSAE/sae_libero_object_layer11_k10_c40.pt,40,10,0.09636780193873815,0.056329497269221714,0.013083585671016149,0.11570366844534874,0.10588549609695162,0.01666314766875335
