{
  "concept": 474,
  "num_hits_considered": 50,
  "top_prompts": [
    [
      "10:put_the_black_bowl_in_the_bottom_drawer_of_the_cabinet_and_close_it",
      4
    ],
    [
      "goal:open_the_top_drawer_and_put_the_bowl_inside",
      4
    ],
    [
      "object:pick_up_the_bbq_sauce_and_place_it_in_the_basket",
      4
    ],
    [
      "spatial:pick_up_the_black_bowl_on_the_cookie_box_and_place_it_on_the_plate",
      4
    ],
    [
      "10:put_both_the_cream_cheese_box_and_the_butter_in_the_basket",
      4
    ],
    [
      "goal:put_the_bowl_on_the_stove",
      4
    ],
    [
      "object:pick_up_the_cream_cheese_and_place_it_in_the_basket",
      4
    ],
    [
      "spatial:pick_up_the_black_bowl_next_to_the_ramekin_and_place_it_on_the_plate",
      4
    ],
    [
      "10:turn_on_the_stove_and_put_the_moka_pot_on_it",
      2
    ],
    [
      "goal:put_the_wine_bottle_on_top_of_the_cabinet",
      2
    ]
  ],
  "action_semantics": {
    "a_t": [
      "dx",
      "dy",
      "dz",
      "droll",
      "dpitch",
      "dyaw",
      "gripper"
    ]
  },
  "action_mean": [
    0.13742002844810486,
    0.05044587701559067,
    -0.32306602597236633,
    -0.004416172858327627,
    -0.004633407108485699,
    -0.022307422012090683,
    -0.8407655358314514
  ],
  "action_mean_named": {
    "dx": 0.13742002844810486,
    "dy": 0.05044587701559067,
    "dz": -0.32306602597236633,
    "droll": -0.004416172858327627,
    "dpitch": -0.004633407108485699,
    "dyaw": -0.022307422012090683,
    "gripper": -0.8407655358314514
  },
  "action_median": [
    0.050859518349170685,
    0.007645782083272934,
    -0.33917367458343506,
    2.7787169528892264e-05,
    -0.0006376362289302051,
    -0.0005074194632470608,
    -1.0004336833953857
  ],
  "action_median_named": {
    "dx": 0.050859518349170685,
    "dy": 0.007645782083272934,
    "dz": -0.33917367458343506,
    "droll": 2.7787169528892264e-05,
    "dpitch": -0.0006376362289302051,
    "dyaw": -0.0005074194632470608,
    "gripper": -1.0004336833953857
  },
  "top_action_clusters": [],
  "action_cluster_params": {
    "action_quant": 0.01,
    "top_action_clusters_k": 12,
    "min_count": 2,
    "rank_by": "score_sum"
  },
  "action_dimension_association": [
    {
      "dim": 2,
      "name": "dz",
      "corr": 0.29184034830072786,
      "abs_corr": 0.29184034830072786,
      "mean": -0.32306602597236633,
      "std": 0.3874911665916443
    },
    {
      "dim": 4,
      "name": "dpitch",
      "corr": 0.1800633233433038,
      "abs_corr": 0.1800633233433038,
      "mean": -0.004633405711501837,
      "std": 0.07629706710577011
    },
    {
      "dim": 6,
      "name": "gripper",
      "corr": 0.15703799968534912,
      "abs_corr": 0.15703799968534912,
      "mean": -0.8407655954360962,
      "std": 0.5423065423965454
    },
    {
      "dim": 5,
      "name": "dyaw",
      "corr": 0.13954113077153943,
      "abs_corr": 0.13954113077153943,
      "mean": -0.022307418286800385,
      "std": 0.07667311280965805
    },
    {
      "dim": 3,
      "name": "droll",
      "corr": -0.11289477223213837,
      "abs_corr": 0.11289477223213837,
      "mean": -0.004416172858327627,
      "std": 0.026906851679086685
    },
    {
      "dim": 0,
      "name": "dx",
      "corr": 0.11102718841859341,
      "abs_corr": 0.11102718841859341,
      "mean": 0.13742004334926605,
      "std": 0.37402066588401794
    },
    {
      "dim": 1,
      "name": "dy",
      "corr": -0.1040788281855562,
      "abs_corr": 0.1040788281855562,
      "mean": 0.05044586956501007,
      "std": 0.34646859765052795
    }
  ],
  "action_assoc_method": "abs_corr",
  "top_examples": [
    {
      "score": 217.04164123535156,
      "group": "10",
      "episode_id": "turn_on_the_stove_and_put_the_moka_pot_on_it",
      "t": 7,
      "prompt": "10:turn_on_the_stove_and_put_the_moka_pot_on_it",
      "action": [
        0.022170886397361755,
        0.12719637155532837,
        0.0035625724121928215,
        -0.00018153830023948103,
        -0.0013599287485703826,
        -0.0019354631658643484,
        -1.0022650957107544
      ],
      "action_named": {
        "dx": 0.022170886397361755,
        "dy": 0.12719637155532837,
        "dz": 0.0035625724121928215,
        "droll": -0.00018153830023948103,
        "dpitch": -0.0013599287485703826,
        "dyaw": -0.0019354631658643484,
        "gripper": -1.0022650957107544
      },
      "video_path": "/n/netscratch/sham_lab/Lab/chloe00/data/libero/libero_10/videos/rollout_turn_on_the_stove_and_put_the_moka_pot_on_it_trial8_success.mp4"
    },
    {
      "score": 217.04164123535156,
      "group": "goal",
      "episode_id": "put_the_wine_bottle_on_top_of_the_cabinet",
      "t": 7,
      "prompt": "goal:put_the_wine_bottle_on_top_of_the_cabinet",
      "action": [
        0.47688448429107666,
        -0.23233258724212646,
        -0.0018146620132029057,
        0.015840034931898117,
        0.23708198964595795,
        0.015155444853007793,
        -0.9926703572273254
      ],
      "action_named": {
        "dx": 0.47688448429107666,
        "dy": -0.23233258724212646,
        "dz": -0.0018146620132029057,
        "droll": 0.015840034931898117,
        "dpitch": 0.23708198964595795,
        "dyaw": 0.015155444853007793,
        "gripper": -0.9926703572273254
      },
      "video_path": "/n/netscratch/sham_lab/Lab/chloe00/data/libero/libero_goal/videos/rollout_put_the_wine_bottle_on_top_of_the_cabinet_trial8_success.mp4"
    },
    {
      "score": 217.04164123535156,
      "group": "object",
      "episode_id": "pick_up_the_salad_dressing_and_place_it_in_the_basket",
      "t": 7,
      "prompt": "object:pick_up_the_salad_dressing_and_place_it_in_the_basket",
      "action": [
        0.43587470054626465,
        -0.379022479057312,
        -0.006780319381505251,
        -0.0006779529503546655,
        0.023348083719611168,
        -0.04334154352545738,
        -0.998681366443634
      ],
      "action_named": {
        "dx": 0.43587470054626465,
        "dy": -0.379022479057312,
        "dz": -0.006780319381505251,
        "droll": -0.0006779529503546655,
        "dpitch": 0.023348083719611168,
        "dyaw": -0.04334154352545738,
        "gripper": -0.998681366443634
      },
      "video_path": "/n/netscratch/sham_lab/Lab/chloe00/data/libero/libero_object/videos/rollout_pick_up_the_salad_dressing_and_place_it_in_the_basket_trial8_success.mp4"
    },
    {
      "score": 217.04164123535156,
      "group": "spatial",
      "episode_id": "pick_up_the_black_bowl_from_table_center_and_place_it_on_the_plate",
      "t": 7,
      "prompt": "spatial:pick_up_the_black_bowl_from_table_center_and_place_it_on_the_plate",
      "action": [
        0.8515766263008118,
        0.3987742066383362,
        0.009383004158735275,
        -0.02923988737165928,
        0.021979276090860367,
        -0.002530317287892103,
        -1.0000426769256592
      ],
      "action_named": {
        "dx": 0.8515766263008118,
        "dy": 0.3987742066383362,
        "dz": 0.009383004158735275,
        "droll": -0.02923988737165928,
        "dpitch": 0.021979276090860367,
        "dyaw": -0.002530317287892103,
        "gripper": -1.0000426769256592
      },
      "video_path": "/n/netscratch/sham_lab/Lab/chloe00/data/libero/libero_spatial/videos/rollout_pick_up_the_black_bowl_from_table_center_and_place_it_on_the_plate_trial8_success.mp4"
    },
    {
      "score": 216.56678771972656,
      "group": "10",
      "episode_id": "put_the_yellow_and_white_mug_in_the_microwave_and_close_it",
      "t": 8,
      "prompt": "10:put_the_yellow_and_white_mug_in_the_microwave_and_close_it",
      "action": [
        0.6363829970359802,
        -0.1554737687110901,
        0.02385403960943222,
        0.06742172688245773,
        0.11888425797224045,
        -0.10991278290748596,
        -0.9992892146110535
      ],
      "action_named": {
        "dx": 0.6363829970359802,
        "dy": -0.1554737687110901,