{
  "concept": 570,
  "num_hits_considered": 23,
  "top_prompts": [
    [
      "spatial:pick_up_the_black_bowl_on_the_wooden_cabinet_and_place_it_on_the_plate",
      5
    ],
    [
      "10:put_both_the_cream_cheese_box_and_the_butter_in_the_basket",
      3
    ],
    [
      "goal:put_the_bowl_on_the_stove",
      3
    ],
    [
      "object:pick_up_the_cream_cheese_and_place_it_in_the_basket",
      3
    ],
    [
      "spatial:pick_up_the_black_bowl_next_to_the_ramekin_and_place_it_on_the_plate",
      3
    ],
    [
      "10:put_the_yellow_and_white_mug_in_the_microwave_and_close_it",
      2
    ],
    [
      "goal:put_the_wine_bottle_on_the_rack",
      2
    ],
    [
      "object:pick_up_the_orange_juice_and_place_it_in_the_basket",
      2
    ]
  ],
  "action_semantics": {
    "a_t": [
      "dx",
      "dy",
      "dz",
      "droll",
      "dpitch",
      "dyaw",
      "gripper"
    ]
  },
  "action_mean": [
    0.3465788960456848,
    -0.10081317275762558,
    -0.12204207479953766,
    -0.0110424580052495,
    0.0056268260814249516,
    0.003032996552065015,
    -0.9998775720596313
  ],
  "action_mean_named": {
    "dx": 0.3465788960456848,
    "dy": -0.10081317275762558,
    "dz": -0.12204207479953766,
    "droll": -0.0110424580052495,
    "dpitch": 0.0056268260814249516,
    "dyaw": 0.003032996552065015,
    "gripper": -0.9998775720596313
  },
  "action_median": [
    0.3330948054790497,
    -0.07383085787296295,
    0.0074393004179000854,
    0.0004245790187269449,
    0.0005380705115385354,
    -0.0069114132784307,
    -0.9991451501846313
  ],
  "action_median_named": {
    "dx": 0.3330948054790497,
    "dy": -0.07383085787296295,
    "dz": 0.0074393004179000854,
    "droll": 0.0004245790187269449,
    "dpitch": 0.0005380705115385354,
    "dyaw": -0.0069114132784307,
    "gripper": -0.9991451501846313
  },
  "top_action_clusters": [],
  "action_cluster_params": {
    "action_quant": 0.01,
    "top_action_clusters_k": 12,
    "min_count": 2,
    "rank_by": "score_sum"
  },
  "action_dimension_association": [
    {
      "dim": 6,
      "name": "gripper",
      "corr": -0.4051319112355282,
      "abs_corr": 0.4051319112355282,
      "mean": -0.9998775124549866,
      "std": 0.0028305568266659975
    },
    {
      "dim": 3,
      "name": "droll",
      "corr": -0.34359548309544563,
      "abs_corr": 0.34359548309544563,
      "mean": -0.011042458936572075,
      "std": 0.03962362930178642
    },
    {
      "dim": 1,
      "name": "dy",
      "corr": 0.29804923467162997,
      "abs_corr": 0.29804923467162997,
      "mean": -0.10081317275762558,
      "std": 0.42792996764183044
    },
    {
      "dim": 4,
      "name": "dpitch",
      "corr": 0.2580279152540724,
      "abs_corr": 0.2580279152540724,
      "mean": 0.0056268260814249516,
      "std": 0.0631578117609024
    },
    {
      "dim": 2,
      "name": "dz",
      "corr": -0.09921391270205077,
      "abs_corr": 0.09921391270205077,
      "mean": -0.12204207479953766,
      "std": 0.42864519357681274
    },
    {
      "dim": 0,
      "name": "dx",
      "corr": -0.038919564321989654,
      "abs_corr": 0.038919564321989654,
      "mean": 0.34657883644104004,
      "std": 0.3266526460647583
    },
    {
      "dim": 5,
      "name": "dyaw",
      "corr": 0.006559147429012143,
      "abs_corr": 0.006559147429012143,
      "mean": 0.0030329953879117966,
      "std": 0.07373223453760147
    }
  ],
  "action_assoc_method": "abs_corr",
  "top_examples": [
    {
      "score": 218.25148010253906,
      "group": "10",
      "episode_id": "put_both_the_cream_cheese_box_and_the_butter_in_the_basket",
      "t": 8,
      "prompt": "10:put_both_the_cream_cheese_box_and_the_butter_in_the_basket",
      "action": [
        0.245547354221344,
        -0.21733517944812775,
        0.01914984919130802,
        -0.007324468810111284,
        0.003943759482353926,
        -0.0036309161223471165,
        -1.0038844347000122
      ],
      "action_named": {
        "dx": 0.245547354221344,
        "dy": -0.21733517944812775,
        "dz": 0.01914984919130802,
        "droll": -0.007324468810111284,
        "dpitch": 0.003943759482353926,
        "dyaw": -0.0036309161223471165,
        "gripper": -1.0038844347000122
      },
      "video_path": "/n/holylfs06/LABS/sham_lab/Users/chloe00/vla-interp/data/libero/libero_10/videos/rollout_put_both_the_cream_cheese_box_and_the_butter_in_the_basket_trial6_success.mp4"
    },
    {
      "score": 218.25148010253906,
      "group": "goal",
      "episode_id": "put_the_bowl_on_the_stove",
      "t": 8,
      "prompt": "goal:put_the_bowl_on_the_stove",
      "action": [
        0.9132534265518188,
        0.1932082623243332,
        0.00845932587981224,
        -0.05568324401974678,
        0.042795032262802124,
        -0.0069114132784307,
        -1.003110408782959
      ],
      "action_named": {
        "dx": 0.9132534265518188,
        "dy": 0.1932082623243332,
        "dz": 0.00845932587981224,
        "droll": -0.05568324401974678,
        "dpitch": 0.042795032262802124,
        "dyaw": -0.0069114132784307,
        "gripper": -1.003110408782959
      },
      "video_path": "/n/holylfs06/LABS/sham_lab/Users/chloe00/vla-interp/data/libero/libero_goal/videos/rollout_put_the_bowl_on_the_stove_trial6_success.mp4"
    },
    {
      "score": 218.25148010253906,
      "group": "object",
      "episode_id": "pick_up_the_cream_cheese_and_place_it_in_the_basket",
      "t": 8,
      "prompt": "object:pick_up_the_cream_cheese_and_place_it_in_the_basket",
      "action": [
        0.6532777547836304,
        -0.36355358362197876,
        -0.10030931979417801,
        -0.0005597484996542335,
        0.003569620894268155,
        -0.06600001454353333,
        -1.0043067932128906
      ],
      "action_named": {
        "dx": 0.6532777547836304,
        "dy": -0.36355358362197876,
        "dz": -0.10030931979417801,
        "droll": -0.0005597484996542335,
        "dpitch": 0.003569620894268155,
        "dyaw": -0.06600001454353333,
        "gripper": -1.0043067932128906
      },
      "video_path": "/n/holylfs06/LABS/sham_lab/Users/chloe00/vla-interp/data/libero/libero_object/videos/rollout_pick_up_the_cream_cheese_and_place_it_in_the_basket_trial6_success.mp4"
    },
    {
      "score": 218.25148010253906,
      "group": "spatial",
      "episode_id": "pick_up_the_black_bowl_next_to_the_ramekin_and_place_it_on_the_plate",
      "t": 8,
      "prompt": "spatial:pick_up_the_black_bowl_next_to_the_ramekin_and_place_it_on_the_plate",
      "action": [
        0.08071617782115936,
        0.802808940410614,
        0.013447056524455547,
        -0.0017924384446814656,
        -0.06404124945402145,
        -0.00022692393395118415,
        -1.001987338066101
      ],
      "action_named": {
        "dx": 0.08071617782115936,
        "dy": 0.802808940410614,
        "dz": 0.013447056524455547,
        "droll": -0.0017924384446814656,
        "dpitch": -0.06404124945402145,
        "dyaw": -0.00022692393395118415,
        "gripper": -1.001987338066101
      },
      "video_path": "/n/holylfs06/LABS/sham_lab/Users/chloe00/vla-interp/data/libero/libero_spatial/videos/rollout_pick_up_the_black_bowl_next_to_the_ramekin_and_place_it_on_the_plate_trial6_success.mp4"
    },
    {
      "score": 215.26809692382812,
      "group": "10",
      "episode_id": "put_the_yellow_and_white_mug_in_the_microwave_and_close_it",
      "t": 7,
      "prompt": "10:put_the_yellow_and_white_mug_in_the_microwave_and_close_it",
      "action": [
        0.3330948054790497,
        0.015043827705085278,
        0.03414316102862358,
        0.00021178857423365116,
        0.05490504577755928,
        -0.023281320929527283,
        -1.0016930103302002
      ],
      "action_named": {
        "dx": 0.3330948054790497,
        "dy": 0.015043827705085278,
        "dz": 0.03414316102862358,
        "droll": 0.00021178857423365116,
        "dpitch": 0.05490504577755928,