{
  "suite_stats": {
    "10": {
      "mean": -7.8116575642715915,
      "std": 1.1946562133490166,
      "min": -9.51044571244935,
      "max": -5.724487676473282,
      "n_tasks": 10,
      "n_trials": 200,
      "success_rate": 96.5
    },
    "90": {
      "mean": -9.18834422619606,
      "std": 1.0849088100723154,
      "min": -13.043679753314475,
      "max": -6.007100159581374,
      "n_tasks": 81,
      "n_trials": 1620,
      "success_rate": 23.39506172839506
    },
    "goal": {
      "mean": -8.637282181163659,
      "std": 1.9943008788584486,
      "min": -13.435529988259054,
      "max": -6.3656493957508395,
      "n_tasks": 10,
      "n_trials": 200,
      "success_rate": 99.0
    },
    "object": {
      "mean": -8.530864569756847,
      "std": 0.4743112949643382,
      "min": -9.16280700438381,
      "max": -7.7330337904877755,
      "n_tasks": 10,
      "n_trials": 200,
      "success_rate": 99.0
    },
    "spatial": {
      "mean": -7.33751463205041,
      "std": 0.7192065334303546,
      "min": -8.754042589062495,
      "max": -6.35776157354905,
      "n_tasks": 10,
      "n_trials": 200,
      "success_rate": 98.5
    }
  }
}