{
  "concept": 188,
  "num_hits_total": 31,
  "num_hits_pool": 31,
  "num_selected_saved": 9,
  "selection": {
    "top_m_pool": 200,
    "per_concept_save_k": 16,
    "nms_time_window": 5,
    "max_per_episode": 1
  },
  "top_prompts_in_pool": [
    [
      "10:put_the_black_bowl_in_the_bottom_drawer_of_the_cabinet_and_close_it",
      5
    ],
    [
      "goal:open_the_top_drawer_and_put_the_bowl_inside",
      5
    ],
    [
      "object:pick_up_the_bbq_sauce_and_place_it_in_the_basket",
      5
    ],
    [
      "spatial:pick_up_the_black_bowl_on_the_cookie_box_and_place_it_on_the_plate",
      5
    ],
    [
      "object:pick_up_the_salad_dressing_and_place_it_in_the_basket",
      3
    ],
    [
      "10:turn_on_the_stove_and_put_the_moka_pot_on_it",
      2
    ],
    [
      "goal:put_the_wine_bottle_on_top_of_the_cabinet",
      2
    ],
    [
      "spatial:pick_up_the_black_bowl_from_table_center_and_place_it_on_the_plate",
      2
    ],
    [
      "spatial:pick_up_the_black_bowl_on_the_stove_and_place_it_on_the_plate",
      2
    ]
  ],
  "action_mean_in_pool": [
    0.08744803816080093,
    -0.015439595095813274,
    -0.5388826131820679,
    0.016371171921491623,
    -0.029923763126134872,
    -0.04187588766217232,
    -0.8710618019104004
  ],
  "action_median_in_pool": [
    0.04840146750211716,
    -0.045990459620952606,
    -0.6390590667724609,
    0.008276339620351791,
    -0.03021736815571785,
    -0.002278069267049432,
    -1.0001808404922485
  ],
  "top_examples_saved": [
    {
      "score": 288.443603515625,
      "group": "10",
      "episode_id": "put_the_black_bowl_in_the_bottom_drawer_of_the_cabinet_and_close_it",
      "t": 36,
      "prompt": "10:put_the_black_bowl_in_the_bottom_drawer_of_the_cabinet_and_close_it",
      "action": [
        0.0776572972536087,
        -0.045990459620952606,
        -0.15623506903648376,
        0.0012141974875703454,
        -0.14235606789588928,
        -0.3073982000350952,
        -0.9977136850357056
      ],
      "video_path": "/n/netscratch/sham_lab/Lab/chloe00/data/libero/libero_10/videos/rollout_put_the_black_bowl_in_the_bottom_drawer_of_the_cabinet_and_close_it_trial4_success.mp4"
    },
    {
      "score": 288.443603515625,
      "group": "goal",
      "episode_id": "open_the_top_drawer_and_put_the_bowl_inside",
      "t": 36,
      "prompt": "goal:open_the_top_drawer_and_put_the_bowl_inside",
      "action": [
        -0.33060047030448914,
        -0.06292910873889923,
        -0.9510666728019714,
        0.03946532681584358,
        -0.01359170489013195,
        0.0621609091758728,
        -0.9962777495384216
      ],
      "video_path": "/n/netscratch/sham_lab/Lab/chloe00/data/libero/libero_goal/videos/rollout_open_the_top_drawer_and_put_the_bowl_inside_trial4_failure.mp4"
    },
    {
      "score": 288.443603515625,
      "group": "object",
      "episode_id": "pick_up_the_bbq_sauce_and_place_it_in_the_basket",
      "t": 36,
      "prompt": "object:pick_up_the_bbq_sauce_and_place_it_in_the_basket",
      "action": [
        0.039643239229917526,
        0.1386948674917221,
        -0.6240342855453491,
        -0.0009336592629551888,
        -0.05137057974934578,
        -0.022206446155905724,
        -1.0007810592651367
      ],
      "video_path": "/n/netscratch/sham_lab/Lab/chloe00/data/libero/libero_object/videos/rollout_pick_up_the_bbq_sauce_and_place_it_in_the_basket_trial4_success.mp4"
    },
    {
      "score": 288.443603515625,
      "group": "spatial",
      "episode_id": "pick_up_the_black_bowl_on_the_cookie_box_and_place_it_on_the_plate",
      "t": 36,
      "prompt": "spatial:pick_up_the_black_bowl_on_the_cookie_box_and_place_it_on_the_plate",
      "action": [
        -0.07242953032255173,
        -0.16551090776920319,
        -0.9479924440383911,
        0.02498326450586319,
        -0.06620623171329498,
        0.02032461017370224,
        -1.0044245719909668
      ],
      "video_path": "/n/netscratch/sham_lab/Lab/chloe00/data/libero/libero_spatial/videos/rollout_pick_up_the_black_bowl_on_the_cookie_box_and_place_it_on_the_plate_trial4_success.mp4"
    },
    {
      "score": 277.8864440917969,
      "group": "10",
      "episode_id": "turn_on_the_stove_and_put_the_moka_pot_on_it",
      "t": 21,
      "prompt": "10:turn_on_the_stove_and_put_the_moka_pot_on_it",
      "action": [
        0.27979615330696106,
        0.6997110843658447,
        -0.22605487704277039,
        -0.006908124312758446,
        -0.004942044150084257,
        0.002864234847947955,
        -1.0001808404922485
      ],
      "video_path": "/n/netscratch/sham_lab/Lab/chloe00/data/libero/libero_10/videos/rollout_turn_on_the_stove_and_put_the_moka_pot_on_it_trial16_success.mp4"
    },
    {
      "score": 277.8864440917969,
      "group": "goal",
      "episode_id": "put_the_wine_bottle_on_top_of_the_cabinet",
      "t": 21,
      "prompt": "goal:put_the_wine_bottle_on_top_of_the_cabinet",
      "action": [
        -0.31905990839004517,
        -0.016755791381001472,
        -0.6791235208511353,
        0.023436907678842545,
        0.009555332362651825,
        0.011184033006429672,
        -1.0028104782104492
      ],
      "video_path": "/n/netscratch/sham_lab/Lab/chloe00/data/libero/libero_goal/videos/rollout_put_the_wine_bottle_on_top_of_the_cabinet_trial16_success.mp4"
    },
    {
      "score": 277.8864440917969,
      "group": "object",
      "episode_id": "pick_up_the_salad_dressing_and_place_it_in_the_basket",
      "t": 21,
      "prompt": "object:pick_up_the_salad_dressing_and_place_it_in_the_basket",
      "action": [
        0.7446214556694031,
        -0.43236085772514343,
        -0.07926382124423981,
        0.0005910698091611266,
        -0.00024629427934996784,
        -0.019762620329856873,
        -1.0034849643707275
      ],
      "video_path": "/n/netscratch/sham_lab/Lab/chloe00/data/libero/libero_object/videos/rollout_pick_up_the_salad_dressing_and_place_it_in_the_basket_trial16_success.mp4"
    },
    {
      "score": 277.8864440917969,
      "group": "spatial",
      "episode_id": "pick_up_the_black_bowl_from_table_center_and_place_it_on_the_plate",
      "t": 21,
      "prompt": "spatial:pick_up_the_black_bowl_from_table_center_and_place_it_on_the_plate",
      "action": [
        0.3636840879917145,
        0.08036565035581589,
        -0.7727349996566772,
        0.0009589215624146163,
        -0.03021736815571785,
        0.00138995295856148,
        -1.001108169555664
      ],
      "video_path": "/n/netscratch/sham_lab/Lab/chloe00/data/libero/libero_spatial/videos/rollout_pick_up_the_black_bowl_from_table_center_and_place_it_on_the_plate_trial16_success.mp4"
    },
    {
      "score": 257.3350830078125,
      "group": "spatial",
      "episode_id": "pick_up_the_black_bowl_on_the_stove_and_place_it_on_the_plate",
      "t": 41,
      "prompt": "spatial:pick_up_the_black_bowl_on_the_stove_and_place_it_on_the_plate",
      "action": [
        0.2138228714466095,
        -0.5226030349731445,
        0.1516592651605606,
        0.03927454352378845,
        0.18960291147232056,
        -0.05866290628910065,
        0.999427080154419
      ],
      "video_path": "/n/netscratch/sham_lab/Lab/chloe00/data/libero/libero_spatial/videos/rollout_pick_up_the_black_bowl_on_the_stove_and_place_it_on_the_plate_trial17_success.mp4"
    }
  ],
  "top_examples_by_score_in_pool": [
    {
      "score": 288.443603515625,
      "group": "10",
      "episode_id": "put_the_black_bowl_in_the_bottom_drawer_of_the_cabinet_and_close_it",
      "t": 36,
      "prompt": "10:put_the_black_bowl_in_the_bottom_drawer_of_the_cabinet_and_close_it",
      "action": [
        0.0776572972536087,
        -0.045990459620952606,
        -0.15623506903648376,
        0.0012141974875703454,
        -0.14235606789588928,
        -0.3073982000350952,
        -0.9977136850357056
      ],