{
  "concept": 474,
  "num_hits_considered": 65,
  "top_prompts": [
    [
      "10:put_the_black_bowl_in_the_bottom_drawer_of_the_cabinet_and_close_it",
      6
    ],
    [
      "goal:put_the_bowl_on_the_stove",
      6
    ],
    [
      "spatial:pick_up_the_black_bowl_on_the_wooden_cabinet_and_place_it_on_the_plate",
      5
    ],
    [
      "goal:open_the_top_drawer_and_put_the_bowl_inside",
      5
    ],
    [
      "10:put_both_the_cream_cheese_box_and_the_butter_in_the_basket",
      5
    ],
    [
      "object:pick_up_the_bbq_sauce_and_place_it_in_the_basket",
      4
    ],
    [
      "spatial:pick_up_the_black_bowl_on_the_cookie_box_and_place_it_on_the_plate",
      4
    ],
    [
      "spatial:pick_up_the_black_bowl_on_the_stove_and_place_it_on_the_plate",
      4
    ],
    [
      "object:pick_up_the_cream_cheese_and_place_it_in_the_basket",
      4
    ],
    [
      "spatial:pick_up_the_black_bowl_next_to_the_ramekin_and_place_it_on_the_plate",
      4
    ]
  ],
  "action_semantics": {
    "a_t": [
      "dx",
      "dy",
      "dz",
      "droll",
      "dpitch",
      "dyaw",
      "gripper"
    ]
  },
  "action_mean": [
    0.13881807029247284,
    -0.010281245224177837,
    -0.2724274694919586,
    -0.003766054520383477,
    -0.0017415174515917897,
    -0.01680646277964115,
    -0.7545700669288635
  ],
  "action_mean_named": {
    "dx": 0.13881807029247284,
    "dy": -0.010281245224177837,
    "dz": -0.2724274694919586,
    "droll": -0.003766054520383477,
    "dpitch": -0.0017415174515917897,
    "dyaw": -0.01680646277964115,
    "gripper": -0.7545700669288635
  },
  "action_median": [
    0.051633842289447784,
    -0.01874440908432007,
    -0.2886182963848114,
    0.0001420611224602908,
    -0.0004482923250179738,
    -0.0011654974659904838,
    -1.0002270936965942
  ],
  "action_median_named": {
    "dx": 0.051633842289447784,
    "dy": -0.01874440908432007,
    "dz": -0.2886182963848114,
    "droll": 0.0001420611224602908,
    "dpitch": -0.0004482923250179738,
    "dyaw": -0.0011654974659904838,
    "gripper": -1.0002270936965942
  },
  "top_action_clusters": [],
  "action_cluster_params": {
    "action_quant": 0.01,
    "top_action_clusters_k": 12,
    "min_count": 2,
    "rank_by": "score_sum"
  },
  "action_dimension_association": [
    {
      "dim": 1,
      "name": "dy",
      "corr": 0.2898937940841575,
      "abs_corr": 0.2898937940841575,
      "mean": -0.010281254537403584,
      "std": 0.34703555703163147
    },
    {
      "dim": 6,
      "name": "gripper",
      "corr": -0.24321529776011616,
      "abs_corr": 0.24321529776011616,
      "mean": -0.7545701265335083,
      "std": 0.6566983461380005
    },
    {
      "dim": 3,
      "name": "droll",
      "corr": -0.14799204988172865,
      "abs_corr": 0.14799204988172865,
      "mean": -0.003766054753214121,
      "std": 0.026426898315548897
    },
    {
      "dim": 2,
      "name": "dz",
      "corr": -0.09335846622771511,
      "abs_corr": 0.09335846622771511,
      "mean": -0.27242740988731384,
      "std": 0.42603400349617004
    },
    {
      "dim": 0,
      "name": "dx",
      "corr": 0.08637226113809068,
      "abs_corr": 0.08637226113809068,
      "mean": 0.13881807029247284,
      "std": 0.3921352028846741
    },
    {
      "dim": 5,
      "name": "dyaw",
      "corr": -0.03025283825391891,
      "abs_corr": 0.03025283825391891,
      "mean": -0.016806460916996002,
      "std": 0.07277029007673264
    },
    {
      "dim": 4,
      "name": "dpitch",
      "corr": -0.02537829581694568,
      "abs_corr": 0.02537829581694568,
      "mean": -0.001741516636684537,
      "std": 0.07426723837852478
    }
  ],
  "action_assoc_method": "abs_corr",
  "top_examples": [
    {
      "score": 217.04164123535156,
      "group": "10",
      "episode_id": "turn_on_the_stove_and_put_the_moka_pot_on_it",
      "t": 7,
      "prompt": "10:turn_on_the_stove_and_put_the_moka_pot_on_it",
      "action": [
        0.022170886397361755,
        0.12719637155532837,
        0.0035625724121928215,
        -0.00018153830023948103,
        -0.0013599287485703826,
        -0.0019354631658643484,
        -1.0022650957107544
      ],
      "action_named": {
        "dx": 0.022170886397361755,
        "dy": 0.12719637155532837,
        "dz": 0.0035625724121928215,
        "droll": -0.00018153830023948103,
        "dpitch": -0.0013599287485703826,
        "dyaw": -0.0019354631658643484,
        "gripper": -1.0022650957107544
      },
      "video_path": "/n/netscratch/sham_lab/Lab/chloe00/data/libero/libero_10/videos/rollout_turn_on_the_stove_and_put_the_moka_pot_on_it_trial8_success.mp4"
    },
    {
      "score": 217.04164123535156,
      "group": "goal",
      "episode_id": "put_the_wine_bottle_on_top_of_the_cabinet",
      "t": 7,
      "prompt": "goal:put_the_wine_bottle_on_top_of_the_cabinet",
      "action": [
        0.47688448429107666,
        -0.23233258724212646,
        -0.0018146620132029057,
        0.015840034931898117,
        0.23708198964595795,
        0.015155444853007793,
        -0.9926703572273254
      ],
      "action_named": {
        "dx": 0.47688448429107666,
        "dy": -0.23233258724212646,
        "dz": -0.0018146620132029057,
        "droll": 0.015840034931898117,
        "dpitch": 0.23708198964595795,
        "dyaw": 0.015155444853007793,
        "gripper": -0.9926703572273254
      },
      "video_path": "/n/netscratch/sham_lab/Lab/chloe00/data/libero/libero_goal/videos/rollout_put_the_wine_bottle_on_top_of_the_cabinet_trial8_success.mp4"
    },
    {
      "score": 217.04164123535156,
      "group": "object",
      "episode_id": "pick_up_the_salad_dressing_and_place_it_in_the_basket",
      "t": 7,
      "prompt": "object:pick_up_the_salad_dressing_and_place_it_in_the_basket",
      "action": [
        0.43587470054626465,
        -0.379022479057312,
        -0.006780319381505251,
        -0.0006779529503546655,
        0.023348083719611168,
        -0.04334154352545738,
        -0.998681366443634
      ],
      "action_named": {
        "dx": 0.43587470054626465,
        "dy": -0.379022479057312,
        "dz": -0.006780319381505251,
        "droll": -0.0006779529503546655,
        "dpitch": 0.023348083719611168,
        "dyaw": -0.04334154352545738,
        "gripper": -0.998681366443634
      },
      "video_path": "/n/netscratch/sham_lab/Lab/chloe00/data/libero/libero_object/videos/rollout_pick_up_the_salad_dressing_and_place_it_in_the_basket_trial8_success.mp4"
    },
    {
      "score": 217.04164123535156,
      "group": "spatial",
      "episode_id": "pick_up_the_black_bowl_from_table_center_and_place_it_on_the_plate",
      "t": 7,
      "prompt": "spatial:pick_up_the_black_bowl_from_table_center_and_place_it_on_the_plate",
      "action": [
        0.8515766263008118,
        0.3987742066383362,
        0.009383004158735275,
        -0.02923988737165928,
        0.021979276090860367,
        -0.002530317287892103,
        -1.0000426769256592
      ],
      "action_named": {
        "dx": 0.8515766263008118,
        "dy": 0.3987742066383362,
        "dz": 0.009383004158735275,
        "droll": -0.02923988737165928,
        "dpitch": 0.021979276090860367,
        "dyaw": -0.002530317287892103,
        "gripper": -1.0000426769256592
      },
      "video_path": "/n/netscratch/sham_lab/Lab/chloe00/data/libero/libero_spatial/videos/rollout_pick_up_the_black_bowl_from_table_center_and_place_it_on_the_plate_trial8_success.mp4"
    },
    {
      "score": 216.56678771972656,
      "group": "10",
      "episode_id": "put_the_yellow_and_white_mug_in_the_microwave_and_close_it",
      "t": 8,
      "prompt": "10:put_the_yellow_and_white_mug_in_the_microwave_and_close_it",
      "action": [
        0.6363829970359802,
        -0.1554737687110901,
        0.02385403960943222,
        0.06742172688245773,
        0.11888425797224045,
        -0.10991278290748596,
        -0.9992892146110535
      ],