{
  "concept": 188,
  "num_hits_considered": 31,
  "top_prompts": [
    [
      "10:put_the_black_bowl_in_the_bottom_drawer_of_the_cabinet_and_close_it",
      5
    ],
    [
      "goal:open_the_top_drawer_and_put_the_bowl_inside",
      5
    ],
    [
      "object:pick_up_the_bbq_sauce_and_place_it_in_the_basket",
      5
    ],
    [
      "spatial:pick_up_the_black_bowl_on_the_cookie_box_and_place_it_on_the_plate",
      5
    ],
    [
      "object:pick_up_the_salad_dressing_and_place_it_in_the_basket",
      3
    ],
    [
      "10:turn_on_the_stove_and_put_the_moka_pot_on_it",
      2
    ],
    [
      "goal:put_the_wine_bottle_on_top_of_the_cabinet",
      2
    ],
    [
      "spatial:pick_up_the_black_bowl_from_table_center_and_place_it_on_the_plate",
      2
    ],
    [
      "spatial:pick_up_the_black_bowl_on_the_stove_and_place_it_on_the_plate",
      2
    ]
  ],
  "action_semantics": {
    "a_t": [
      "dx",
      "dy",
      "dz",
      "droll",
      "dpitch",
      "dyaw",
      "gripper"
    ]
  },
  "action_mean": [
    0.08744803816080093,
    -0.015439595095813274,
    -0.5388826131820679,
    0.016371171921491623,
    -0.029923763126134872,
    -0.04187588766217232,
    -0.8710618019104004
  ],
  "action_mean_named": {
    "dx": 0.08744803816080093,
    "dy": -0.015439595095813274,
    "dz": -0.5388826131820679,
    "droll": 0.016371171921491623,
    "dpitch": -0.029923763126134872,
    "dyaw": -0.04187588766217232,
    "gripper": -0.8710618019104004
  },
  "action_median": [
    0.04840146750211716,
    -0.045990459620952606,
    -0.6390590667724609,
    0.008276339620351791,
    -0.03021736815571785,
    -0.002278069267049432,
    -1.0001808404922485
  ],
  "action_median_named": {
    "dx": 0.04840146750211716,
    "dy": -0.045990459620952606,
    "dz": -0.6390590667724609,
    "droll": 0.008276339620351791,
    "dpitch": -0.03021736815571785,
    "dyaw": -0.002278069267049432,
    "gripper": -1.0001808404922485
  },
  "top_action_clusters": [],
  "action_cluster_params": {
    "action_quant": 0.01,
    "top_action_clusters_k": 12,
    "min_count": 2,
    "rank_by": "score_sum"
  },
  "action_dimension_association": [
    {
      "dim": 6,
      "name": "gripper",
      "corr": -0.7424422814640945,
      "abs_corr": 0.7424422814640945,
      "mean": -0.8710618615150452,
      "std": 0.4913010001182556
    },
    {
      "dim": 4,
      "name": "dpitch",
      "corr": -0.6409487915740557,
      "abs_corr": 0.6409487915740557,
      "mean": -0.029923763126134872,
      "std": 0.06737916171550751
    },
    {
      "dim": 2,
      "name": "dz",
      "corr": -0.3940824681155938,
      "abs_corr": 0.3940824681155938,
      "mean": -0.5388826131820679,
      "std": 0.3545350134372711
    },
    {
      "dim": 1,
      "name": "dy",
      "corr": 0.2903929847394768,
      "abs_corr": 0.2903929847394768,
      "mean": -0.015439593233168125,
      "std": 0.26440638303756714
    },
    {
      "dim": 0,
      "name": "dx",
      "corr": -0.14289508072214063,
      "abs_corr": 0.14289508072214063,
      "mean": 0.08744803071022034,
      "std": 0.2951335608959198
    },
    {
      "dim": 3,
      "name": "droll",
      "corr": -0.06076541843202208,
      "abs_corr": 0.06076541843202208,
      "mean": 0.016371171921491623,
      "std": 0.019727999344468117
    },
    {
      "dim": 5,
      "name": "dyaw",
      "corr": -0.04089412536592548,
      "abs_corr": 0.04089412536592548,
      "mean": -0.04187588766217232,
      "std": 0.10734465718269348
    }
  ],
  "action_assoc_method": "abs_corr",
  "top_examples": [
    {
      "score": 288.443603515625,
      "group": "10",
      "episode_id": "put_the_black_bowl_in_the_bottom_drawer_of_the_cabinet_and_close_it",
      "t": 36,
      "prompt": "10:put_the_black_bowl_in_the_bottom_drawer_of_the_cabinet_and_close_it",
      "action": [
        0.0776572972536087,
        -0.045990459620952606,
        -0.15623506903648376,
        0.0012141974875703454,
        -0.14235606789588928,
        -0.3073982000350952,
        -0.9977136850357056
      ],
      "action_named": {
        "dx": 0.0776572972536087,
        "dy": -0.045990459620952606,
        "dz": -0.15623506903648376,
        "droll": 0.0012141974875703454,
        "dpitch": -0.14235606789588928,
        "dyaw": -0.3073982000350952,
        "gripper": -0.9977136850357056
      },
      "video_path": "/n/netscratch/sham_lab/Lab/chloe00/data/libero/libero_10/videos/rollout_put_the_black_bowl_in_the_bottom_drawer_of_the_cabinet_and_close_it_trial4_success.mp4"
    },
    {
      "score": 288.443603515625,
      "group": "goal",
      "episode_id": "open_the_top_drawer_and_put_the_bowl_inside",
      "t": 36,
      "prompt": "goal:open_the_top_drawer_and_put_the_bowl_inside",
      "action": [
        -0.33060047030448914,
        -0.06292910873889923,
        -0.9510666728019714,
        0.03946532681584358,
        -0.01359170489013195,
        0.0621609091758728,
        -0.9962777495384216
      ],
      "action_named": {
        "dx": -0.33060047030448914,
        "dy": -0.06292910873889923,
        "dz": -0.9510666728019714,
        "droll": 0.03946532681584358,
        "dpitch": -0.01359170489013195,
        "dyaw": 0.0621609091758728,
        "gripper": -0.9962777495384216
      },
      "video_path": "/n/netscratch/sham_lab/Lab/chloe00/data/libero/libero_goal/videos/rollout_open_the_top_drawer_and_put_the_bowl_inside_trial4_failure.mp4"
    },
    {
      "score": 288.443603515625,
      "group": "object",
      "episode_id": "pick_up_the_bbq_sauce_and_place_it_in_the_basket",
      "t": 36,
      "prompt": "object:pick_up_the_bbq_sauce_and_place_it_in_the_basket",
      "action": [
        0.039643239229917526,
        0.1386948674917221,
        -0.6240342855453491,
        -0.0009336592629551888,
        -0.05137057974934578,
        -0.022206446155905724,
        -1.0007810592651367
      ],
      "action_named": {
        "dx": 0.039643239229917526,
        "dy": 0.1386948674917221,
        "dz": -0.6240342855453491,
        "droll": -0.0009336592629551888,
        "dpitch": -0.05137057974934578,
        "dyaw": -0.022206446155905724,
        "gripper": -1.0007810592651367
      },
      "video_path": "/n/netscratch/sham_lab/Lab/chloe00/data/libero/libero_object/videos/rollout_pick_up_the_bbq_sauce_and_place_it_in_the_basket_trial4_success.mp4"
    },
    {
      "score": 288.443603515625,
      "group": "spatial",
      "episode_id": "pick_up_the_black_bowl_on_the_cookie_box_and_place_it_on_the_plate",
      "t": 36,
      "prompt": "spatial:pick_up_the_black_bowl_on_the_cookie_box_and_place_it_on_the_plate",
      "action": [
        -0.07242953032255173,
        -0.16551090776920319,
        -0.9479924440383911,
        0.02498326450586319,
        -0.06620623171329498,
        0.02032461017370224,
        -1.0044245719909668
      ],
      "action_named": {
        "dx": -0.07242953032255173,
        "dy": -0.16551090776920319,
        "dz": -0.9479924440383911,
        "droll": 0.02498326450586319,
        "dpitch": -0.06620623171329498,
        "dyaw": 0.02032461017370224,
        "gripper": -1.0044245719909668
      },
      "video_path": "/n/netscratch/sham_lab/Lab/chloe00/data/libero/libero_spatial/videos/rollout_pick_up_the_black_bowl_on_the_cookie_box_and_place_it_on_the_plate_trial4_success.mp4"
    },
    {
      "score": 277.8864440917969,
      "group": "10",
      "episode_id": "turn_on_the_stove_and_put_the_moka_pot_on_it",
      "t": 21,
      "prompt": "10:turn_on_the_stove_and_put_the_moka_pot_on_it",
      "action": [
        0.27979615330696106,
        0.6997110843658447,
        -0.22605487704277039,
        -0.006908124312758446,
        -0.004942044150084257,
        0.002864234847947955,
        -1.0001808404922485
      ],
      "action_named": {
        "dx": 0.27979615330696106,
        "dy": 0.6997110843658447,
        "dz": -0.22605487704277039,