{
  "concept": 921,
  "num_hits_considered": 50,
  "top_prompts": [
    [
      "10:put_both_the_cream_cheese_box_and_the_butter_in_the_basket",
      6
    ],
    [
      "goal:put_the_bowl_on_the_stove",
      6
    ],
    [
      "object:pick_up_the_cream_cheese_and_place_it_in_the_basket",
      5
    ],
    [
      "spatial:pick_up_the_black_bowl_next_to_the_ramekin_and_place_it_on_the_plate",
      5
    ],
    [
      "10:turn_on_the_stove_and_put_the_moka_pot_on_it",
      3
    ],
    [
      "goal:put_the_wine_bottle_on_top_of_the_cabinet",
      2
    ],
    [
      "object:pick_up_the_salad_dressing_and_place_it_in_the_basket",
      2
    ],
    [
      "spatial:pick_up_the_black_bowl_from_table_center_and_place_it_on_the_plate",
      2
    ],
    [
      "10:put_the_white_mug_on_the_plate_and_put_the_chocolate_pudding_to_the_right_of_the_plate",
      2
    ],
    [
      "10:put_the_yellow_and_white_mug_in_the_microwave_and_close_it",
      1
    ]
  ],
  "action_semantics": {
    "a_t": [
      "dx",
      "dy",
      "dz",
      "droll",
      "dpitch",
      "dyaw",
      "gripper"
    ]
  },
  "action_mean": [
    0.260132759809494,
    0.025569980964064598,
    -0.25544995069503784,
    -0.007299670483916998,
    0.015515800565481186,
    -0.012561154551804066,
    -0.960597813129425
  ],
  "action_mean_named": {
    "dx": 0.260132759809494,
    "dy": 0.025569980964064598,
    "dz": -0.25544995069503784,
    "droll": -0.007299670483916998,
    "dpitch": 0.015515800565481186,
    "dyaw": -0.012561154551804066,
    "gripper": -0.960597813129425
  },
  "action_median": [
    0.23538686335086823,
    0.0030198516324162483,
    -0.057540345937013626,
    -0.0007550555164925754,
    0.0032138563692569733,
    -0.0021235451567918062,
    -1.0004794597625732
  ],
  "action_median_named": {
    "dx": 0.23538686335086823,
    "dy": 0.0030198516324162483,
    "dz": -0.057540345937013626,
    "droll": -0.0007550555164925754,
    "dpitch": 0.0032138563692569733,
    "dyaw": -0.0021235451567918062,
    "gripper": -1.0004794597625732
  },
  "top_action_clusters": [],
  "action_cluster_params": {
    "action_quant": 0.01,
    "top_action_clusters_k": 12,
    "min_count": 2,
    "rank_by": "score_sum"
  },
  "action_dimension_association": [
    {
      "dim": 2,
      "name": "dz",
      "corr": -0.4403798361477868,
      "abs_corr": 0.4403798361477868,
      "mean": -0.25544995069503784,
      "std": 0.3730912208557129
    },
    {
      "dim": 0,
      "name": "dx",
      "corr": -0.27671444508772475,
      "abs_corr": 0.27671444508772475,
      "mean": 0.260132759809494,
      "std": 0.3966805338859558
    },
    {
      "dim": 6,
      "name": "gripper",
      "corr": 0.09482601566277898,
      "abs_corr": 0.09482601566277898,
      "mean": -0.9605977535247803,
      "std": 0.2796729505062103
    },
    {
      "dim": 3,
      "name": "droll",
      "corr": -0.08492754102119945,
      "abs_corr": 0.08492754102119945,
      "mean": -0.007299670949578285,
      "std": 0.026354046538472176
    },
    {
      "dim": 4,
      "name": "dpitch",
      "corr": -0.06886764837413012,
      "abs_corr": 0.06886764837413012,
      "mean": 0.015515795908868313,
      "std": 0.06399434059858322
    },
    {
      "dim": 5,
      "name": "dyaw",
      "corr": -0.03444560606193297,
      "abs_corr": 0.03444560606193297,
      "mean": -0.01256115548312664,
      "std": 0.04503542184829712
    },
    {
      "dim": 1,
      "name": "dy",
      "corr": 0.0014745142541204568,
      "abs_corr": 0.0014745142541204568,
      "mean": 0.025569990277290344,
      "std": 0.31724268198013306
    }
  ],
  "action_assoc_method": "abs_corr",
  "top_examples": [
    {
      "score": 220.48318481445312,
      "group": "10",
      "episode_id": "put_both_the_cream_cheese_box_and_the_butter_in_the_basket",
      "t": 33,
      "prompt": "10:put_both_the_cream_cheese_box_and_the_butter_in_the_basket",
      "action": [
        0.18005669116973877,
        -0.06062186509370804,
        -0.6553173661231995,
        0.010380604304373264,
        -0.06345285475254059,
        -0.10290955752134323,
        -0.999268651008606
      ],
      "action_named": {
        "dx": 0.18005669116973877,
        "dy": -0.06062186509370804,
        "dz": -0.6553173661231995,
        "droll": 0.010380604304373264,
        "dpitch": -0.06345285475254059,
        "dyaw": -0.10290955752134323,
        "gripper": -0.999268651008606
      },
      "video_path": "/n/holylfs06/LABS/sham_lab/Users/chloe00/vla-interp/data/libero/libero_10/videos/rollout_put_both_the_cream_cheese_box_and_the_butter_in_the_basket_trial12_success.mp4"
    },
    {
      "score": 220.48318481445312,
      "group": "goal",
      "episode_id": "put_the_bowl_on_the_stove",
      "t": 33,
      "prompt": "goal:put_the_bowl_on_the_stove",
      "action": [
        -0.4105791747570038,
        0.00814626645296812,
        -0.9324853420257568,
        0.0007988375728018582,
        0.012159000150859356,
        0.0019107016269117594,
        -1.0003955364227295
      ],
      "action_named": {
        "dx": -0.4105791747570038,
        "dy": 0.00814626645296812,
        "dz": -0.9324853420257568,
        "droll": 0.0007988375728018582,
        "dpitch": 0.012159000150859356,
        "dyaw": 0.0019107016269117594,
        "gripper": -1.0003955364227295
      },
      "video_path": "/n/holylfs06/LABS/sham_lab/Users/chloe00/vla-interp/data/libero/libero_goal/videos/rollout_put_the_bowl_on_the_stove_trial12_success.mp4"
    },
    {
      "score": 220.48318481445312,
      "group": "object",
      "episode_id": "pick_up_the_cream_cheese_and_place_it_in_the_basket",
      "t": 33,
      "prompt": "object:pick_up_the_cream_cheese_and_place_it_in_the_basket",
      "action": [
        0.2616860568523407,
        0.0019627518486231565,
        -0.6271408200263977,
        0.0011139741400256753,
        0.001753337448462844,
        -0.07367509603500366,
        -1.0008978843688965
      ],
      "action_named": {
        "dx": 0.2616860568523407,
        "dy": 0.0019627518486231565,
        "dz": -0.6271408200263977,
        "droll": 0.0011139741400256753,
        "dpitch": 0.001753337448462844,
        "dyaw": -0.07367509603500366,
        "gripper": -1.0008978843688965
      },
      "video_path": "/n/holylfs06/LABS/sham_lab/Users/chloe00/vla-interp/data/libero/libero_object/videos/rollout_pick_up_the_cream_cheese_and_place_it_in_the_basket_trial12_success.mp4"
    },
    {
      "score": 220.48318481445312,
      "group": "spatial",
      "episode_id": "pick_up_the_black_bowl_next_to_the_ramekin_and_place_it_on_the_plate",
      "t": 33,
      "prompt": "spatial:pick_up_the_black_bowl_next_to_the_ramekin_and_place_it_on_the_plate",
      "action": [
        0.029759865254163742,
        0.39174753427505493,
        -0.8906506896018982,
        -0.03276780992746353,
        -0.03799224644899368,
        -0.03074350766837597,
        -1.0047922134399414
      ],
      "action_named": {
        "dx": 0.029759865254163742,
        "dy": 0.39174753427505493,
        "dz": -0.8906506896018982,
        "droll": -0.03276780992746353,
        "dpitch": -0.03799224644899368,
        "dyaw": -0.03074350766837597,
        "gripper": -1.0047922134399414
      },
      "video_path": "/n/holylfs06/LABS/sham_lab/Users/chloe00/vla-interp/data/libero/libero_spatial/videos/rollout_pick_up_the_black_bowl_next_to_the_ramekin_and_place_it_on_the_plate_trial12_success.mp4"
    },
    {
      "score": 219.02496337890625,
      "group": "10",
      "episode_id": "put_both_the_cream_cheese_box_and_the_butter_in_the_basket",
      "t": 33,
      "prompt": "10:put_both_the_cream_cheese_box_and_the_butter_in_the_basket",
      "action": [
        -0.04750264436006546,
        -0.024663496762514114,
        -0.9071404337882996,
        0.0004616623918991536,
        -0.04654194414615631,
        0.0010201582917943597,
        -0.9975841641426086
      ],