Analysis,N,Pearson r,p-value
Success Cases,771,0.13693181914811944,0.00013674630679031882
Failure Cases,29,-0.07484883352035858,0.6995816410513749
Task-Level Average,40,0.24025664712205527,0.13535776694796312
