{
  "concept": 81,
  "num_hits_considered": 40,
  "top_prompts": [
    [
      "object:pick_up_the_salad_dressing_and_place_it_in_the_basket",
      8
    ],
    [
      "10:turn_on_the_stove_and_put_the_moka_pot_on_it",
      7
    ],
    [
      "goal:put_the_wine_bottle_on_top_of_the_cabinet",
      6
    ],
    [
      "spatial:pick_up_the_black_bowl_from_table_center_and_place_it_on_the_plate",
      6
    ],
    [
      "spatial:pick_up_the_black_bowl_on_the_stove_and_place_it_on_the_plate",
      4
    ],
    [
      "10:put_the_black_bowl_in_the_bottom_drawer_of_the_cabinet_and_close_it",
      2
    ],
    [
      "goal:open_the_top_drawer_and_put_the_bowl_inside",
      2
    ],
    [
      "spatial:pick_up_the_black_bowl_on_the_cookie_box_and_place_it_on_the_plate",
      2
    ],
    [
      "object:pick_up_the_bbq_sauce_and_place_it_in_the_basket",
      1
    ],
    [
      "10:put_both_the_alphabet_soup_and_the_tomato_sauce_in_the_basket",
      1
    ]
  ],
  "action_semantics": {
    "a_t": [
      "dx",
      "dy",
      "dz",
      "droll",
      "dpitch",
      "dyaw",
      "gripper"
    ]
  },
  "action_mean": [
    0.14244695007801056,
    0.045333441346883774,
    -0.41054868698120117,
    0.0067549804225564,
    -0.007630041800439358,
    -0.01798928901553154,
    -0.8006030917167664
  ],
  "action_mean_named": {
    "dx": 0.14244695007801056,
    "dy": 0.045333441346883774,
    "dz": -0.41054868698120117,
    "droll": 0.0067549804225564,
    "dpitch": -0.007630041800439358,
    "dyaw": -0.01798928901553154,
    "gripper": -0.8006030917167664
  },
  "action_median": [
    0.15863600373268127,
    0.0025117392651736736,
    -0.39794835448265076,
    0.0005375430337153375,
    -0.007426063530147076,
    -0.0008015238563530147,
    -1.0000190734863281
  ],
  "action_median_named": {
    "dx": 0.15863600373268127,
    "dy": 0.0025117392651736736,
    "dz": -0.39794835448265076,
    "droll": 0.0005375430337153375,
    "dpitch": -0.007426063530147076,
    "dyaw": -0.0008015238563530147,
    "gripper": -1.0000190734863281
  },
  "top_action_clusters": [],
  "action_cluster_params": {
    "action_quant": 0.01,
    "top_action_clusters_k": 12,
    "min_count": 2,
    "rank_by": "score_sum"
  },
  "action_dimension_association": [
    {
      "dim": 6,
      "name": "gripper",
      "corr": -0.7336344295511462,
      "abs_corr": 0.7336344295511462,
      "mean": -0.800602912902832,
      "std": 0.60041743516922
    },
    {
      "dim": 4,
      "name": "dpitch",
      "corr": -0.623770219144538,
      "abs_corr": 0.623770219144538,
      "mean": -0.007630042731761932,
      "std": 0.06072765961289406
    },
    {
      "dim": 2,
      "name": "dz",
      "corr": -0.5279698371945641,
      "abs_corr": 0.5279698371945641,
      "mean": -0.41054868698120117,
      "std": 0.34303411841392517
    },
    {
      "dim": 1,
      "name": "dy",
      "corr": 0.2315148361285074,
      "abs_corr": 0.2315148361285074,
      "mean": 0.04533345624804497,
      "std": 0.31883180141448975
    },
    {
      "dim": 0,
      "name": "dx",
      "corr": -0.09237116347600008,
      "abs_corr": 0.09237116347600008,
      "mean": 0.14244696497917175,
      "std": 0.3570449948310852
    },
    {
      "dim": 5,
      "name": "dyaw",
      "corr": 0.05385822806803246,
      "abs_corr": 0.05385822806803246,
      "mean": -0.01798928715288639,
      "std": 0.07224152982234955
    },
    {
      "dim": 3,
      "name": "droll",
      "corr": 0.029355089730772572,
      "abs_corr": 0.029355089730772572,
      "mean": 0.006754979491233826,
      "std": 0.017403380945324898
    }
  ],
  "action_assoc_method": "abs_corr",
  "top_examples": [
    {
      "score": 285.66961669921875,
      "group": "10",
      "episode_id": "put_the_black_bowl_in_the_bottom_drawer_of_the_cabinet_and_close_it",
      "t": 35,
      "prompt": "10:put_the_black_bowl_in_the_bottom_drawer_of_the_cabinet_and_close_it",
      "action": [
        0.09001224488019943,
        -0.034414343535900116,
        -0.11688845604658127,
        0.00016580973169766366,
        -0.13926149904727936,
        -0.30884790420532227,
        -0.9987288117408752
      ],
      "action_named": {
        "dx": 0.09001224488019943,
        "dy": -0.034414343535900116,
        "dz": -0.11688845604658127,
        "droll": 0.00016580973169766366,
        "dpitch": -0.13926149904727936,
        "dyaw": -0.30884790420532227,
        "gripper": -0.9987288117408752
      },
      "video_path": "/n/netscratch/sham_lab/Lab/chloe00/data/libero/libero_10/videos/rollout_put_the_black_bowl_in_the_bottom_drawer_of_the_cabinet_and_close_it_trial4_success.mp4"
    },
    {
      "score": 285.66961669921875,
      "group": "goal",
      "episode_id": "open_the_top_drawer_and_put_the_bowl_inside",
      "t": 35,
      "prompt": "goal:open_the_top_drawer_and_put_the_bowl_inside",
      "action": [
        -0.33345770835876465,
        -0.11800829321146011,
        -0.9268432259559631,
        0.03960033878684044,
        -0.01792963407933712,
        0.05388398468494415,
        -0.9956458806991577
      ],
      "action_named": {
        "dx": -0.33345770835876465,
        "dy": -0.11800829321146011,
        "dz": -0.9268432259559631,
        "droll": 0.03960033878684044,
        "dpitch": -0.01792963407933712,
        "dyaw": 0.05388398468494415,
        "gripper": -0.9956458806991577
      },
      "video_path": "/n/netscratch/sham_lab/Lab/chloe00/data/libero/libero_goal/videos/rollout_open_the_top_drawer_and_put_the_bowl_inside_trial4_failure.mp4"
    },
    {
      "score": 285.66961669921875,
      "group": "object",
      "episode_id": "pick_up_the_bbq_sauce_and_place_it_in_the_basket",
      "t": 35,
      "prompt": "object:pick_up_the_bbq_sauce_and_place_it_in_the_basket",
      "action": [
        0.04501897096633911,
        0.09123486280441284,
        -0.6468368768692017,
        0.00014618129353038967,
        -0.05582999810576439,
        -0.02445273846387863,
        -1.0005204677581787
      ],
      "action_named": {
        "dx": 0.04501897096633911,
        "dy": 0.09123486280441284,
        "dz": -0.6468368768692017,
        "droll": 0.00014618129353038967,
        "dpitch": -0.05582999810576439,
        "dyaw": -0.02445273846387863,
        "gripper": -1.0005204677581787
      },
      "video_path": "/n/netscratch/sham_lab/Lab/chloe00/data/libero/libero_object/videos/rollout_pick_up_the_bbq_sauce_and_place_it_in_the_basket_trial4_success.mp4"
    },
    {
      "score": 285.66961669921875,
      "group": "spatial",
      "episode_id": "pick_up_the_black_bowl_on_the_cookie_box_and_place_it_on_the_plate",
      "t": 35,
      "prompt": "spatial:pick_up_the_black_bowl_on_the_cookie_box_and_place_it_on_the_plate",
      "action": [
        0.026245219632983208,
        -0.09850668162107468,
        -0.957962691783905,
        0.021238412708044052,
        -0.06641823798418045,
        0.02520093135535717,
        -1.004203200340271
      ],
      "action_named": {
        "dx": 0.026245219632983208,
        "dy": -0.09850668162107468,
        "dz": -0.957962691783905,
        "droll": 0.021238412708044052,
        "dpitch": -0.06641823798418045,
        "dyaw": 0.02520093135535717,
        "gripper": -1.004203200340271
      },
      "video_path": "/n/netscratch/sham_lab/Lab/chloe00/data/libero/libero_spatial/videos/rollout_pick_up_the_black_bowl_on_the_cookie_box_and_place_it_on_the_plate_trial4_success.mp4"
    },
    {
      "score": 283.3509826660156,
      "group": "10",
      "episode_id": "turn_on_the_stove_and_put_the_moka_pot_on_it",
      "t": 19,
      "prompt": "10:turn_on_the_stove_and_put_the_moka_pot_on_it",
      "action": [
        0.0018357528606429696,
        0.36628133058547974,
        -0.583903968334198,
        0.005902236793190241,
        -0.03220487758517265,
        0.002808668650686741,
        -1.001964807510376
      ],
      "action_named": {
        "dx": 0.0018357528606429696,