{
  "task_id": 7,
  "task_description": "turn on the stove",
  "prompt_mode": "random",
  "seed": 195,
  "num_trials": 20,
  "num_successes": 0,
  "action_entropy": {
    "action_entropy_kde": -12.230641259581775,
    "mean_log_density": 12.230641259581775,
    "std_log_density": 1.2214967301096626,
    "kde_bandwidth_factor": 0.4534523996540197,
    "num_samples": 6000,
    "num_episodes": 20,
    "action_dim": 7
  },
  "action_entropy_by_prompt": {
    "push the plate to the front of the stove": {
      "action_entropy_kde": -12.230641259581775,
      "mean_log_density": 12.230641259581775,
      "std_log_density": 1.2214967301096626,
      "kde_bandwidth_factor": 0.4534523996540197,
      "num_samples": 6000,
      "num_episodes": 20,
      "action_dim": 7
    }
  }
}