{
  "task_id": 14,
  "task_description": "open the microwave",
  "prompt_mode": "opposite",
  "seed": 195,
  "num_trials": 20,
  "num_successes": 0,
  "action_entropy": {
    "action_entropy_kde": -8.562346444460646,
    "mean_log_density": 8.562346444460646,
    "std_log_density": 1.3256905510793247,
    "kde_bandwidth_factor": 0.4417470292389771,
    "num_samples": 8000,
    "num_episodes": 20,
    "action_dim": 7
  },
  "action_entropy_by_prompt": {
    "close the microwave": {
      "action_entropy_kde": -8.562346444460646,
      "mean_log_density": 8.562346444460646,
      "std_log_density": 1.3256905510793247,
      "kde_bandwidth_factor": 0.4417470292389771,
      "num_samples": 8000,
      "num_episodes": 20,
      "action_dim": 7
    }
  }
}