{
  "task_id": 13,
  "task_description": "close the microwave",
  "prompt_mode": "opposite",
  "seed": 195,
  "num_trials": 20,
  "num_successes": 18,
  "action_entropy": {
    "action_entropy_kde": -6.192640743691378,
    "mean_log_density": 6.192640743691378,
    "std_log_density": 1.0694830756976907,
    "kde_bandwidth_factor": 0.4577703213412452,
    "num_samples": 5406,
    "num_episodes": 20,
    "action_dim": 7
  },
  "action_entropy_by_prompt": {
    "open the microwave": {
      "action_entropy_kde": -6.192640743691378,
      "mean_log_density": 6.192640743691378,
      "std_log_density": 1.0694830756976907,
      "kde_bandwidth_factor": 0.4577703213412452,
      "num_samples": 5406,
      "num_episodes": 20,
      "action_dim": 7
    }
  }
}