{
  "task_id": 10,
  "task_description": "turn on the stove",
  "prompt_mode": "opposite",
  "seed": 195,
  "num_trials": 20,
  "num_successes": 19,
  "action_entropy": {
    "action_entropy_kde": -8.525367087535061,
    "mean_log_density": 8.525367087535061,
    "std_log_density": 1.06254211594841,
    "kde_bandwidth_factor": 0.5011703917414895,
    "num_samples": 1996,
    "num_episodes": 20,
    "action_dim": 7
  },
  "action_entropy_by_prompt": {
    "turn off the stove": {
      "action_entropy_kde": -8.525367087535061,
      "mean_log_density": 8.525367087535061,
      "std_log_density": 1.06254211594841,
      "kde_bandwidth_factor": 0.5011703917414895,
      "num_samples": 1996,
      "num_episodes": 20,
      "action_dim": 7
    }
  }
}