{
  "task_id": 8,
  "task_description": "put the bowl on the plate",
  "prompt_mode": "random",
  "seed": 195,
  "num_trials": 20,
  "num_successes": 0,
  "action_entropy": {
    "action_entropy_kde": -12.590805593780896,
    "mean_log_density": 12.590805593780896,
    "std_log_density": 1.1798299068334457,
    "kde_bandwidth_factor": 0.4534523996540197,
    "num_samples": 6000,
    "num_episodes": 20,
    "action_dim": 7
  },
  "action_entropy_by_prompt": {
    "push the plate to the front of the stove": {
      "action_entropy_kde": -12.590805593780896,
      "mean_log_density": 12.590805593780896,
      "std_log_density": 1.1798299068334457,
      "kde_bandwidth_factor": 0.4534523996540197,
      "num_samples": 6000,
      "num_episodes": 20,
      "action_dim": 7
    }
  }
}