{
  "task_id": 1,
  "task_description": "put the bowl on the stove",
  "prompt_mode": "shuffle",
  "seed": 195,
  "num_trials": 20,
  "num_successes": 0,
  "action_entropy": {
    "action_entropy_kde": -10.982056781473334,
    "mean_log_density": 10.982056781473334,
    "std_log_density": 2.590799999112735,
    "kde_bandwidth_factor": 0.4534523996540197,
    "num_samples": 6000,
    "num_episodes": 20,
    "action_dim": 7
  },
  "action_entropy_by_prompt": {
    "stove bowl the on put the": {
      "action_entropy_kde": -10.982056781473334,
      "mean_log_density": 10.982056781473334,
      "std_log_density": 2.590799999112735,
      "kde_bandwidth_factor": 0.4534523996540197,
      "num_samples": 6000,
      "num_episodes": 20,
      "action_dim": 7
    }
  }
}