{
  "task_id": 16,
  "task_description": "turn on the stove",
  "prompt_mode": "opposite",
  "seed": 195,
  "num_trials": 20,
  "num_successes": 20,
  "action_entropy": {
    "action_entropy_kde": -10.258913064289512,
    "mean_log_density": 10.258913064289512,
    "std_log_density": 1.107089041497883,
    "kde_bandwidth_factor": 0.5078628500186072,
    "num_samples": 1725,
    "num_episodes": 20,
    "action_dim": 7
  },
  "action_entropy_by_prompt": {
    "turn off the stove": {
      "action_entropy_kde": -10.258913064289512,
      "mean_log_density": 10.258913064289512,
      "std_log_density": 1.107089041497883,
      "kde_bandwidth_factor": 0.5078628500186072,
      "num_samples": 1725,
      "num_episodes": 20,
      "action_dim": 7
    }
  }
}