{
  "task_id": 3,
  "task_description": "pick up the bbq sauce and place it in the basket",
  "prompt_mode": "shuffle",
  "seed": 195,
  "num_trials": 20,
  "num_successes": 20,
  "action_entropy": {
    "action_entropy_kde": -8.595903157587056,
    "mean_log_density": 8.595903157587056,
    "std_log_density": 1.0885004248093797,
    "kde_bandwidth_factor": 0.48985503585892914,
    "num_samples": 2566,
    "num_episodes": 20,
    "action_dim": 7
  },
  "action_entropy_by_prompt": {
    "sauce the the basket place up it in bbq pick and": {
      "action_entropy_kde": -8.591500566113641,
      "mean_log_density": 8.591500566113641,
      "std_log_density": 1.094486304521884,
      "kde_bandwidth_factor": 0.49195596992736973,
      "num_samples": 2448,
      "num_episodes": 19,
      "action_dim": 7
    },
    "in and pick the up basket it bbq place the sauce": {
      "action_entropy_kde": -9.750203417750603,
      "mean_log_density": 9.750203417750603,
      "std_log_density": 0.5062631439372753,
      "kde_bandwidth_factor": 0.648107564229431,
      "num_samples": 118,
      "num_episodes": 1,
      "action_dim": 7
    }
  }
}