{
  "task_id": 8,
  "task_description": "put both moka pots on the stove",
  "prompt_mode": "shuffle",
  "seed": 195,
  "num_trials": 20,
  "num_successes": 17,
  "action_entropy": {
    "action_entropy_kde": -8.43120898921459,
    "mean_log_density": 8.43120898921459,
    "std_log_density": 1.358253804674046,
    "kde_bandwidth_factor": 0.4403676665421773,
    "num_samples": 8280,
    "num_episodes": 20,
    "action_dim": 7
  },
  "action_entropy_by_prompt": {
    "stove moka both pots put the on": {
      "action_entropy_kde": -8.455964039299461,
      "mean_log_density": 8.455964039299461,
      "std_log_density": 1.3693262170615512,
      "kde_bandwidth_factor": 0.44213560088008363,
      "num_samples": 7923,
      "num_episodes": 19,
      "action_dim": 7
    },
    "moka the put stove pots both on": {
      "action_entropy_kde": -7.927123611895493,
      "mean_log_density": 7.927123611895493,
      "std_log_density": 0.4350621941756803,
      "kde_bandwidth_factor": 0.5860561842007332,
      "num_samples": 357,
      "num_episodes": 1,
      "action_dim": 7
    }
  }
}