{
  "task_id": 2,
  "task_description": "put the wine bottle on top of the cabinet",
  "prompt_mode": "shuffle",
  "seed": 195,
  "num_trials": 20,
  "num_successes": 7,
  "action_entropy": {
    "action_entropy_kde": -7.541164970678841,
    "mean_log_density": 7.541164970678841,
    "std_log_density": 1.6777761157833113,
    "kde_bandwidth_factor": 0.4647874963818603,
    "num_samples": 4573,
    "num_episodes": 20,
    "action_dim": 7
  },
  "action_entropy_by_prompt": {
    "the wine the on cabinet of bottle put top": {
      "action_entropy_kde": -7.518306407148063,
      "mean_log_density": 7.518306407148063,
      "std_log_density": 1.673114210198429,
      "kde_bandwidth_factor": 0.46766338992409795,
      "num_samples": 4273,
      "num_episodes": 19,
      "action_dim": 7
    },
    "wine the put cabinet top bottle of the on": {
      "action_entropy_kde": -8.736994236347861,
      "mean_log_density": 8.736994236347861,
      "std_log_density": 0.9651116076976957,
      "kde_bandwidth_factor": 0.5953977082420904,
      "num_samples": 300,
      "num_episodes": 1,
      "action_dim": 7
    }
  }
}