{
  "task_id": 7,
  "task_description": "turn on the stove",
  "prompt_mode": "shuffle",
  "seed": 195,
  "num_trials": 20,
  "num_successes": 5,
  "action_entropy": {
    "action_entropy_kde": -10.839832400849525,
    "mean_log_density": 10.839832400849525,
    "std_log_density": 2.71803173677283,
    "kde_bandwidth_factor": 0.45984238996561705,
    "num_samples": 5144,
    "num_episodes": 20,
    "action_dim": 7
  },
  "action_entropy_by_prompt": {
    "the stove on turn": {
      "action_entropy_kde": -10.839832400849525,
      "mean_log_density": 10.839832400849525,
      "std_log_density": 2.71803173677283,
      "kde_bandwidth_factor": 0.45984238996561705,
      "num_samples": 5144,
      "num_episodes": 20,
      "action_dim": 7
    }
  }
}