{
  "task_id": 15,
  "task_description": "turn off the stove",
  "prompt_mode": "opposite",
  "seed": 195,
  "num_trials": 20,
  "num_successes": 0,
  "action_entropy": {
    "action_entropy_kde": -10.604145704877459,
    "mean_log_density": 10.604145704877459,
    "std_log_density": 1.7141424699665164,
    "kde_bandwidth_factor": 0.4417470292389771,
    "num_samples": 8000,
    "num_episodes": 20,
    "action_dim": 7
  },
  "action_entropy_by_prompt": {
    "turn on the stove": {
      "action_entropy_kde": -10.604145704877459,
      "mean_log_density": 10.604145704877459,
      "std_log_density": 1.7141424699665164,
      "kde_bandwidth_factor": 0.4417470292389771,
      "num_samples": 8000,
      "num_episodes": 20,
      "action_dim": 7
    }
  }
}