{
  "task_id": 0,
  "task_description": "pick up the alphabet soup and place it in the basket",
  "prompt_mode": "random",
  "seed": 195,
  "num_trials": 20,
  "num_successes": 19,
  "action_entropy": {
    "action_entropy_kde": -9.793172576603514,
    "mean_log_density": 9.793172576603514,
    "std_log_density": 1.2657745880772604,
    "kde_bandwidth_factor": 0.48446653547593843,
    "num_samples": 2898,
    "num_episodes": 20,
    "action_dim": 7
  },
  "action_entropy_by_prompt": {
    "pick up the butter and place it in the basket": {
      "action_entropy_kde": -10.250445767691973,
      "mean_log_density": 10.250445767691973,
      "std_log_density": 1.2506203903012043,
      "kde_bandwidth_factor": 0.4889624257105532,
      "num_samples": 2618,
      "num_episodes": 19,
      "action_dim": 7
    },
    "pick up the tomato sauce and place it in the basket": {
      "action_entropy_kde": -10.43128337921801,
      "mean_log_density": 10.43128337921801,
      "std_log_density": 0.5801824611800995,
      "kde_bandwidth_factor": 0.5991438255307333,
      "num_samples": 280,
      "num_episodes": 1,
      "action_dim": 7
    }
  }
}