{
  "task_id": 16,
  "task_description": "put the moka pot on the stove",
  "prompt_mode": "opposite",
  "seed": 195,
  "num_trials": 20,
  "num_successes": 20,
  "action_entropy": {
    "action_entropy_kde": -6.946336328313366,
    "mean_log_density": 6.946336328313366,
    "std_log_density": 0.9373089567501471,
    "kde_bandwidth_factor": 0.46212768643169083,
    "num_samples": 4871,
    "num_episodes": 20,
    "action_dim": 7
  },
  "action_entropy_by_prompt": {
    "pick up the moka pot on the stove": {
      "action_entropy_kde": -6.946336328313366,
      "mean_log_density": 6.946336328313366,
      "std_log_density": 0.9373089567501471,
      "kde_bandwidth_factor": 0.46212768643169083,
      "num_samples": 4871,
      "num_episodes": 20,
      "action_dim": 7
    }
  }
}