{
  "concept": 16,
  "num_hits_total": 58,
  "num_hits_pool": 58,
  "num_selected_saved": 12,
  "selection": {
    "top_m_pool": 200,
    "per_concept_save_k": 16,
    "nms_time_window": 5,
    "max_per_episode": 1
  },
  "top_prompts_in_pool": [
    [
      "spatial:pick_up_the_black_bowl_on_the_stove_and_place_it_on_the_plate",
      17
    ],
    [
      "10:put_both_the_alphabet_soup_and_the_cream_cheese_box_in_the_basket",
      12
    ],
    [
      "goal:turn_on_the_stove",
      9
    ],
    [
      "object:pick_up_the_milk_and_place_it_in_the_basket",
      9
    ],
    [
      "spatial:pick_up_the_black_bowl_on_the_wooden_cabinet_and_place_it_on_the_plate",
      4
    ],
    [
      "10:put_the_yellow_and_white_mug_in_the_microwave_and_close_it",
      1
    ],
    [
      "goal:put_the_wine_bottle_on_the_rack",
      1
    ],
    [
      "object:pick_up_the_orange_juice_and_place_it_in_the_basket",
      1
    ],
    [
      "10:turn_on_the_stove_and_put_the_moka_pot_on_it",
      1
    ],
    [
      "spatial:pick_up_the_black_bowl_from_table_center_and_place_it_on_the_plate",
      1
    ]
  ],
  "action_mean_in_pool": [
    -0.19508053362369537,
    -0.07328972220420837,
    -0.37250977754592896,
    0.0005165503243915737,
    0.030470171943306923,
    -0.01854696124792099,
    -0.4488411545753479
  ],
  "action_median_in_pool": [
    -0.19032403826713562,
    -0.020033076405525208,
    -0.41678494215011597,
    -0.00034813658567145467,
    0.013554577715694904,
    -0.005153663456439972,
    -0.9983939528465271
  ],
  "top_examples_saved": [
    {
      "score": 286.5540771484375,
      "group": "10",
      "episode_id": "put_both_the_alphabet_soup_and_the_cream_cheese_box_in_the_basket",
      "t": 47,
      "prompt": "10:put_both_the_alphabet_soup_and_the_cream_cheese_box_in_the_basket",
      "action": [
        -0.07556179165840149,
        -0.22465099394321442,
        -0.41312503814697266,
        -0.0006064889603294432,
        -0.002246570773422718,
        -0.09336105734109879,
        -1.0009706020355225
      ],
      "video_path": "/n/netscratch/sham_lab/Lab/chloe00/data/libero/libero_10/videos/rollout_put_both_the_alphabet_soup_and_the_cream_cheese_box_in_the_basket_trial4_success.mp4"
    },
    {
      "score": 286.5540771484375,
      "group": "goal",
      "episode_id": "turn_on_the_stove",
      "t": 47,
      "prompt": "goal:turn_on_the_stove",
      "action": [
        -0.05323219299316406,
        0.10109314322471619,
        -0.09337470680475235,
        -0.012420560233294964,
        0.11178833246231079,
        0.0018155889119952917,
        1.0016692876815796
      ],
      "video_path": "/n/netscratch/sham_lab/Lab/chloe00/data/libero/libero_goal/videos/rollout_turn_on_the_stove_trial4_success.mp4"
    },
    {
      "score": 286.5540771484375,
      "group": "object",
      "episode_id": "pick_up_the_milk_and_place_it_in_the_basket",
      "t": 47,
      "prompt": "object:pick_up_the_milk_and_place_it_in_the_basket",
      "action": [
        -0.30283764004707336,
        -0.019061287865042686,
        -0.3594996929168701,
        -0.012044095434248447,
        0.04188954457640648,
        0.01456651370972395,
        -0.9994050860404968
      ],
      "video_path": "/n/netscratch/sham_lab/Lab/chloe00/data/libero/libero_object/videos/rollout_pick_up_the_milk_and_place_it_in_the_basket_trial4_success.mp4"
    },
    {
      "score": 286.5540771484375,
      "group": "spatial",
      "episode_id": "pick_up_the_black_bowl_on_the_stove_and_place_it_on_the_plate",
      "t": 47,
      "prompt": "spatial:pick_up_the_black_bowl_on_the_stove_and_place_it_on_the_plate",
      "action": [
        0.04818570986390114,
        -0.1492682844400406,
        0.1783527284860611,
        0.00020423521345946938,
        -0.012101532891392708,
        -0.06890654563903809,
        0.9988826513290405
      ],
      "video_path": "/n/netscratch/sham_lab/Lab/chloe00/data/libero/libero_spatial/videos/rollout_pick_up_the_black_bowl_on_the_stove_and_place_it_on_the_plate_trial4_success.mp4"
    },
    {
      "score": 268.77581787109375,
      "group": "10",
      "episode_id": "put_the_yellow_and_white_mug_in_the_microwave_and_close_it",
      "t": 44,
      "prompt": "10:put_the_yellow_and_white_mug_in_the_microwave_and_close_it",
      "action": [
        0.15924106538295746,
        -0.007912440225481987,
        -0.3125068247318268,
        0.13117776811122894,
        0.09681824594736099,
        -0.28168627619743347,
        -0.9993742108345032
      ],
      "video_path": "/n/netscratch/sham_lab/Lab/chloe00/data/libero/libero_10/videos/rollout_put_the_yellow_and_white_mug_in_the_microwave_and_close_it_trial10_success.mp4"
    },
    {
      "score": 268.77581787109375,
      "group": "goal",
      "episode_id": "put_the_wine_bottle_on_the_rack",
      "t": 44,
      "prompt": "goal:put_the_wine_bottle_on_the_rack",
      "action": [
        -0.029004644602537155,
        -0.050417546182870865,
        -0.32658401131629944,
        -0.05616036802530289,
        0.2951061427593231,
        0.25154078006744385,
        -1.0056589841842651
      ],
      "video_path": "/n/netscratch/sham_lab/Lab/chloe00/data/libero/libero_goal/videos/rollout_put_the_wine_bottle_on_the_rack_trial10_success.mp4"
    },
    {
      "score": 268.77581787109375,
      "group": "object",
      "episode_id": "pick_up_the_orange_juice_and_place_it_in_the_basket",
      "t": 44,
      "prompt": "object:pick_up_the_orange_juice_and_place_it_in_the_basket",
      "action": [
        -0.28655529022216797,
        -0.005452553741633892,
        -0.29381757974624634,
        -0.0006929075461812317,
        0.002172858687117696,
        0.006271495949476957,
        1.0006039142608643
      ],
      "video_path": "/n/netscratch/sham_lab/Lab/chloe00/data/libero/libero_object/videos/rollout_pick_up_the_orange_juice_and_place_it_in_the_basket_trial10_success.mp4"
    },
    {
      "score": 268.77581787109375,
      "group": "spatial",
      "episode_id": "pick_up_the_black_bowl_on_the_wooden_cabinet_and_place_it_on_the_plate",
      "t": 44,
      "prompt": "spatial:pick_up_the_black_bowl_on_the_wooden_cabinet_and_place_it_on_the_plate",
      "action": [
        -0.17132629454135895,
        0.2680419385433197,
        0.09956777095794678,
        -0.1218649297952652,
        -0.02719014324247837,
        0.0033100349828600883,
        0.9960198402404785
      ],
      "video_path": "/n/netscratch/sham_lab/Lab/chloe00/data/libero/libero_spatial/videos/rollout_pick_up_the_black_bowl_on_the_wooden_cabinet_and_place_it_on_the_plate_trial10_success.mp4"
    },
    {
      "score": 262.4220275878906,
      "group": "10",
      "episode_id": "turn_on_the_stove_and_put_the_moka_pot_on_it",
      "t": 39,
      "prompt": "10:turn_on_the_stove_and_put_the_moka_pot_on_it",
      "action": [
        -0.03461654856801033,
        0.21923871338367462,
        -0.6943762302398682,
        -1.3458796274790075e-05,
        -0.0372580848634243,
        0.010661463253200054,
        -1.0043258666992188
      ],
      "video_path": "/n/netscratch/sham_lab/Lab/chloe00/data/libero/libero_10/videos/rollout_turn_on_the_stove_and_put_the_moka_pot_on_it_trial1_success.mp4"
    },
    {
      "score": 262.4220275878906,
      "group": "spatial",
      "episode_id": "pick_up_the_black_bowl_from_table_center_and_place_it_on_the_plate",
      "t": 39,
      "prompt": "spatial:pick_up_the_black_bowl_from_table_center_and_place_it_on_the_plate",
      "action": [
        -0.09077291190624237,
        -0.019823351874947548,
        -0.3560224175453186,
        0.00030671816784888506,
        0.028516868129372597,
        -0.0018972280668094754,
        -0.9970644116401672
      ],
      "video_path": "/n/netscratch/sham_lab/Lab/chloe00/data/libero/libero_spatial/videos/rollout_pick_up_the_black_bowl_from_table_center_and_place_it_on_the_plate_trial1_success.mp4"
    }
  ],