{
  "config": {
    "ckpt_path": "./checkpoints/sae_layer11_k10_c16000.pt",
    "data_root": "/n/holylfs06/LABS/sham_lab/Users/chloe00/vla-interp/data/libero",
    "activations_root": "/n/netscratch/sham_lab/Lab/chloe00/pi0_activations",
    "layer_idx": 11,
    "feature_mode": "raw",
    "ridge_lambda": 10.0,
    "standardize_x": true,
    "standardize_y": false,
    "seed": 0,
    "train_frac": 0.8,
    "val_frac": 0.1
  },
  "splits": {
    "train": {
      "name": "train",
      "n": 8299,
      "mse": 0.0414438396692276,
      "mse_per_dim": {
        "dx": 0.04598856717348099,
        "dy": 0.013570677489042282,
        "dz": 0.060677800327539444,
        "droll": 0.000571110809687525,
        "dpitch": 0.0017317378660663962,
        "dyaw": 0.002045712433755398,
        "gripper": 0.1655213087797165
      },
      "r2_mean": 0.744634713445391,
      "r2_per_dim": {
        "dx": 0.7530533671379089,
        "dy": 0.7362796068191528,
        "dz": 0.6729469299316406,
        "droll": 0.7638788819313049,
        "dpitch": 0.7065538763999939,
        "dyaw": 0.8371398448944092,
        "gripper": 0.7425904870033264
      }
    },
    "val": {
      "name": "val",
      "n": 1076,
      "mse": 0.07396316528320312,
      "mse_per_dim": {
        "dx": 0.09109792113304138,
        "dy": 0.05420813709497452,
        "dz": 0.10831446945667267,
        "droll": 0.0007578310323879123,
        "dpitch": 0.0023337993770837784,
        "dyaw": 0.0026030002627521753,
        "gripper": 0.2584270238876343
      },
      "r2_mean": 0.47216469049453735,
      "r2_per_dim": {
        "dx": 0.6040347814559937,
        "dy": 0.34197092056274414,
        "dz": 0.3554169535636902,
        "droll": 0.468278169631958,
        "dpitch": 0.5125195384025574,
        "dyaw": 0.45493829250335693,
        "gripper": 0.5679941773414612
      }
    },
    "test": {
      "name": "test",
      "n": 1068,
      "mse": 0.08149523288011551,
      "mse_per_dim": {
        "dx": 0.0983322262763977,
        "dy": 0.021836306899785995,
        "dz": 0.12358886003494263,
        "droll": 0.0006429455243051052,
        "dpitch": 0.0021372868213802576,
        "dyaw": 0.002347413683310151,
        "gripper": 0.3215816020965576
      },
      "r2_mean": 0.44870851721082416,
      "r2_per_dim": {
        "dx": 0.5612814426422119,
        "dy": 0.6613008975982666,
        "dz": 0.4274163246154785,
        "droll": 0.18227016925811768,
        "dpitch": 0.4460790753364563,
        "dyaw": 0.26219242811203003,
        "gripper": 0.600419282913208
      }
    }
  },
  "weights": {
    "W_shape": [
      1024,
      7
    ],
    "b_shape": [
      7
    ]
  }
}